,LOTTO GAME,DRAW DATE,JACKPOT,WINNERS,DAY,BALL 1,BALL 2,BALL 3,BALL 4,BALL 5,BALL 6
0,Ultra Lotto 6/58,2023-10-22,57271281.8,0,Sunday,11,37,44,33,13,28
17,Ultra Lotto 6/58,2023-10-20,52222306.8,0,Friday,25,54,48,50,37,29
44,Ultra Lotto 6/58,2023-10-17,49500000.0,0,Tuesday,51,48,44,5,14,12
63,Ultra Lotto 6/58,2023-10-15,49500000.0,0,Sunday,56,53,40,6,35,42
80,Ultra Lotto 6/58,2023-10-13,49500000.0,0,Friday,34,51,20,55,23,2
107,Ultra Lotto 6/58,2023-10-10,49500000.0,0,Tuesday,16,57,27,28,24,47
126,Ultra Lotto 6/58,2023-10-08,49500000.0,0,Sunday,19,16,33,13,10,47
143,Ultra Lotto 6/58,2023-10-06,49500000.0,0,Friday,19,30,6,29,43,48
170,Ultra Lotto 6/58,2023-10-03,49500000.0,0,Tuesday,45,32,11,19,35,34
189,Ultra Lotto 6/58,2023-10-01,49500000.0,0,Sunday,55,34,30,25,43,8
206,Ultra Lotto 6/58,2023-09-29,49500000.0,0,Friday,4,42,22,10,21,16
233,Ultra Lotto 6/58,2023-09-26,49500000.0,0,Tuesday,56,14,25,23,22,40
252,Ultra Lotto 6/58,2023-09-24,49500000.0,0,Sunday,30,20,27,28,38,42
269,Ultra Lotto 6/58,2023-09-22,49500000.0,0,Friday,10,12,31,36,58,19
296,Ultra Lotto 6/58,2023-09-19,77455718.4,1,Tuesday,7,10,9,13,21,19
315,Ultra Lotto 6/58,2023-09-17,72922751.0,0,Sunday,27,16,21,31,56,1
332,Ultra Lotto 6/58,2023-09-15,68037849.4,0,Friday,28,41,25,29,54,37
359,Ultra Lotto 6/58,2023-09-12,62389446.4,0,Tuesday,9,46,8,53,30,47
378,Ultra Lotto 6/58,2023-09-10,58002406.0,0,Sunday,58,2,15,35,28,12
395,Ultra Lotto 6/58,2023-09-08,53095488.8,0,Friday,40,52,3,54,14,35
422,Ultra Lotto 6/58,2023-09-05,49500000.0,0,Tuesday,57,8,24,22,1,26
441,Ultra Lotto 6/58,2023-09-03,49500000.0,0,Sunday,51,8,56,18,37,9
458,Ultra Lotto 6/58,2023-09-01,49500000.0,0,Friday,2,44,55,51,4,30
485,Ultra Lotto 6/58,2023-08-29,49500000.0,0,Tuesday,3,18,10,45,37,24
504,Ultra Lotto 6/58,2023-08-27,49500000.0,0,Sunday,6,50,57,45,13,56
521,Ultra Lotto 6/58,2023-08-25,49500000.0,0,Friday,15,30,6,5,13,52
548,Ultra Lotto 6/58,2023-08-22,49500000.0,0,Tuesday,38,15,11,55,10,52
567,Ultra Lotto 6/58,2023-08-20,49500000.0,0,Sunday,15,2,20,57,19,10
584,Ultra Lotto 6/58,2023-08-18,49500000.0,0,Friday,3,36,38,25,23,22
611,Ultra Lotto 6/58,2023-08-15,49500000.0,0,Tuesday,26,41,30,22,13,31
630,Ultra Lotto 6/58,2023-08-13,49500000.0,0,Sunday,31,15,7,37,24,25
647,Ultra Lotto 6/58,2023-08-11,49500000.0,1,Friday,50,46,57,40,4,19
674,Ultra Lotto 6/58,2023-08-08,87051450.2,1,Tuesday,18,22,30,55,26,5
693,Ultra Lotto 6/58,2023-08-06,81063971.8,0,Sunday,41,20,19,16,42,46
710,Ultra Lotto 6/58,2023-08-04,74836568.8,0,Friday,56,37,11,17,32,6
737,Ultra Lotto 6/58,2023-08-01,68600405.4,0,Tuesday,15,52,7,47,31,41
756,Ultra Lotto 6/58,2023-07-30,63297912.4,0,Sunday,48,29,10,49,52,16
773,Ultra Lotto 6/58,2023-07-28,57688799.4,0,Friday,37,1,23,54,43,50
800,Ultra Lotto 6/58,2023-07-25,52505425.8,0,Tuesday,9,43,12,20,45,23
819,Ultra Lotto 6/58,2023-07-23,49500000.0,0,Sunday,23,5,3,22,58,47
836,Ultra Lotto 6/58,2023-07-21,49500000.0,0,Friday,57,36,49,31,15,33
863,Ultra Lotto 6/58,2023-07-18,49500000.0,0,Tuesday,12,16,44,47,30,2
882,Ultra Lotto 6/58,2023-07-16,49500000.0,0,Sunday,28,32,56,29,1,41
899,Ultra Lotto 6/58,2023-07-14,49500000.0,0,Friday,15,37,2,48,22,51
926,Ultra Lotto 6/58,2023-07-11,49500000.0,0,Tuesday,33,37,14,49,3,34
945,Ultra Lotto 6/58,2023-07-09,49500000.0,0,Sunday,50,10,49,53,14,16
962,Ultra Lotto 6/58,2023-07-07,49500000.0,0,Friday,3,56,2,22,46,6
989,Ultra Lotto 6/58,2023-07-04,49500000.0,0,Tuesday,8,51,28,18,37,23
1008,Ultra Lotto 6/58,2023-07-02,49500000.0,0,Sunday,41,12,57,39,56,2
1025,Ultra Lotto 6/58,2023-06-30,366687465.2,1,Friday,43,58,37,47,27,17
1052,Ultra Lotto 6/58,2023-06-27,343618797.6,0,Tuesday,28,19,24,35,38,37
1071,Ultra Lotto 6/58,2023-06-25,325862813.2,0,Sunday,21,40,54,29,6,32
1088,Ultra Lotto 6/58,2023-06-23,309763376.0,0,Friday,2,31,47,27,49,55
1115,Ultra Lotto 6/58,2023-06-20,292700994.4,0,Tuesday,9,26,27,33,43,11
1134,Ultra Lotto 6/58,2023-06-18,279303056.0,0,Sunday,9,12,51,7,15,18
1151,Ultra Lotto 6/58,2023-06-16,265998969.6,0,Friday,50,10,27,36,19,38
1178,Ultra Lotto 6/58,2023-06-13,251297399.2,0,Tuesday,42,18,14,37,56,27
1197,Ultra Lotto 6/58,2023-06-11,239314610.8,0,Sunday,19,5,55,44,41,46
1214,Ultra Lotto 6/58,2023-06-09,227492479.6,0,Friday,34,47,30,26,7,46
1241,Ultra Lotto 6/58,2023-06-06,213655359.6,0,Tuesday,8,30,14,9,54,39
1260,Ultra Lotto 6/58,2023-06-04,202796480.8,0,Sunday,31,4,52,54,10,56
1277,Ultra Lotto 6/58,2023-06-02,193037324.8,0,Friday,48,45,36,39,13,38
1304,Ultra Lotto 6/58,2023-05-30,182881860.8,0,Tuesday,46,49,31,54,19,47
1323,Ultra Lotto 6/58,2023-05-28,174542061.2,0,Sunday,10,47,27,14,18,28
1340,Ultra Lotto 6/58,2023-05-26,165996548.4,0,Friday,35,8,10,11,36,28
1367,Ultra Lotto 6/58,2023-05-23,156821760.8,0,Tuesday,4,23,26,36,5,15
1386,Ultra Lotto 6/58,2023-05-21,149139576.4,0,Sunday,54,46,11,6,15,50
1403,Ultra Lotto 6/58,2023-05-19,141414346.8,0,Friday,46,28,3,43,2,50
1430,Ultra Lotto 6/58,2023-05-16,132641406.8,0,Tuesday,28,41,45,23,58,38
1449,Ultra Lotto 6/58,2023-05-14,125342321.6,0,Sunday,18,44,57,6,23,12
1466,Ultra Lotto 6/58,2023-05-12,118372607.2,0,Friday,56,4,44,12,39,37
1493,Ultra Lotto 6/58,2023-05-09,111548128.0,0,Tuesday,5,28,39,40,16,1
1512,Ultra Lotto 6/58,2023-05-07,106085541.2,0,Sunday,44,33,26,17,38,11
1529,Ultra Lotto 6/58,2023-05-05,99901922.0,0,Friday,38,4,14,22,29,55
1556,Ultra Lotto 6/58,2023-05-02,94275101.0,0,Tuesday,16,50,7,19,40,30
1575,Ultra Lotto 6/58,2023-04-30,89504361.6,0,Sunday,10,31,41,55,15,12
1592,Ultra Lotto 6/58,2023-04-28,84306969.8,0,Friday,40,22,5,12,10,34
1619,Ultra Lotto 6/58,2023-04-25,79496752.2,0,Tuesday,31,53,10,32,43,45
1638,Ultra Lotto 6/58,2023-04-23,74859611.8,0,Sunday,25,57,3,58,9,36
1655,Ultra Lotto 6/58,2023-04-21,69889955.4,0,Friday,44,39,23,25,21,42
1682,Ultra Lotto 6/58,2023-04-18,65545490.6,0,Tuesday,48,34,8,4,13,53
1701,Ultra Lotto 6/58,2023-04-16,61846959.2,0,Sunday,21,17,20,46,54,56
1718,Ultra Lotto 6/58,2023-04-14,56926016.0,0,Friday,34,3,46,42,52,54
1745,Ultra Lotto 6/58,2023-04-11,52596622.2,0,Tuesday,41,55,20,32,47,57
1773,Ultra Lotto 6/58,2023-04-04,49500000.0,0,Tuesday,39,43,34,52,24,35
1792,Ultra Lotto 6/58,2023-04-02,49500000.0,0,Sunday,57,26,21,52,42,3
1809,Ultra Lotto 6/58,2023-03-31,49500000.0,0,Friday,30,36,5,32,51,13
1836,Ultra Lotto 6/58,2023-03-28,49500000.0,0,Tuesday,2,55,38,34,9,24
1855,Ultra Lotto 6/58,2023-03-26,49500000.0,0,Sunday,50,38,39,40,35,51
1872,Ultra Lotto 6/58,2023-03-24,49500000.0,0,Friday,37,36,13,58,33,50
1899,Ultra Lotto 6/58,2023-03-21,49500000.0,0,Tuesday,7,14,52,51,53,48
1918,Ultra Lotto 6/58,2023-03-19,49500000.0,0,Sunday,56,14,50,26,55,48
1935,Ultra Lotto 6/58,2023-03-17,49500000.0,0,Friday,31,20,17,42,52,53
1962,Ultra Lotto 6/58,2023-03-14,49500000.0,0,Tuesday,17,27,48,41,58,52
1981,Ultra Lotto 6/58,2023-03-12,49500000.0,1,Sunday,13,30,10,22,2,15
1998,Ultra Lotto 6/58,2023-03-10,49500000.0,0,Friday,48,45,43,29,25,5
2025,Ultra Lotto 6/58,2023-03-07,109630146.0,1,Tuesday,56,41,11,48,54,58
2044,Ultra Lotto 6/58,2023-03-05,102359238.4,0,Sunday,50,55,40,22,9,53
2061,Ultra Lotto 6/58,2023-03-03,95083361.4,0,Friday,10,28,41,13,55,20
2088,Ultra Lotto 6/58,2023-02-28,87542598.0,0,Tuesday,36,49,40,19,15,48
2107,Ultra Lotto 6/58,2023-02-26,82103169.6,0,Sunday,46,30,25,40,11,35
2124,Ultra Lotto 6/58,2023-02-24,76321637.8,0,Friday,8,2,45,28,47,19
2151,Ultra Lotto 6/58,2023-02-21,70049024.2,0,Tuesday,22,35,47,15,14,3
2170,Ultra Lotto 6/58,2023-02-19,65074894.0,0,Sunday,11,33,37,54,1,26
2187,Ultra Lotto 6/58,2023-02-17,60233174.6,0,Friday,19,5,26,27,58,35
2214,Ultra Lotto 6/58,2023-02-14,54662377.0,0,Tuesday,58,32,33,19,37,53
2233,Ultra Lotto 6/58,2023-02-12,50435990.0,0,Sunday,48,12,35,37,33,22
2250,Ultra Lotto 6/58,2023-02-10,49500000.0,0,Friday,39,23,29,24,47,30
2277,Ultra Lotto 6/58,2023-02-07,49500000.0,0,Tuesday,23,27,58,47,9,29
2296,Ultra Lotto 6/58,2023-02-05,49500000.0,0,Sunday,49,42,14,7,16,30
2313,Ultra Lotto 6/58,2023-02-03,49500000.0,0,Friday,21,11,23,29,9,50
2340,Ultra Lotto 6/58,2023-01-31,49500000.0,0,Tuesday,20,47,33,14,2,29
2359,Ultra Lotto 6/58,2023-01-29,49500000.0,0,Sunday,37,41,50,47,57,10
2376,Ultra Lotto 6/58,2023-01-27,49500000.0,0,Friday,6,25,34,43,21,24
2403,Ultra Lotto 6/58,2023-01-24,49500000.0,0,Tuesday,24,35,18,43,49,22
2422,Ultra Lotto 6/58,2023-01-22,49500000.0,0,Sunday,41,27,34,38,13,16
2439,Ultra Lotto 6/58,2023-01-20,49500000.0,1,Friday,24,39,31,19,42,13
2466,Ultra Lotto 6/58,2023-01-17,49500000.0,0,Tuesday,45,32,30,34,27,39
2485,Ultra Lotto 6/58,2023-01-15,49500000.0,0,Sunday,45,16,43,38,2,3
2502,Ultra Lotto 6/58,2023-01-13,49500000.0,0,Friday,12,17,2,50,24,44
2529,Ultra Lotto 6/58,2023-01-10,49500000.0,0,Tuesday,1,56,47,7,55,29
2548,Ultra Lotto 6/58,2023-01-08,49500000.0,0,Sunday,21,32,7,55,17,27
2565,Ultra Lotto 6/58,2023-01-06,49500000.0,0,Friday,17,31,12,52,3,44
2592,Ultra Lotto 6/58,2023-01-03,49500000.0,0,Tuesday,57,35,45,56,14,20
2620,Ultra Lotto 6/58,2022-12-30,521275111.6,2,Friday,1,23,15,3,8,5
2647,Ultra Lotto 6/58,2022-12-27,492970782.8,0,Tuesday,36,44,43,50,12,6
2675,Ultra Lotto 6/58,2022-12-23,470813166.0,0,Friday,40,51,35,31,27,50
2702,Ultra Lotto 6/58,2022-12-20,446857427.6,0,Tuesday,32,34,19,6,27,35
2721,Ultra Lotto 6/58,2022-12-18,428626010.0,0,Sunday,3,1,44,42,58,2
2738,Ultra Lotto 6/58,2022-12-16,411769310.8,0,Friday,9,23,30,49,33,6
2765,Ultra Lotto 6/58,2022-12-13,393783039.2,0,Tuesday,29,13,28,8,1,56
2784,Ultra Lotto 6/58,2022-12-11,378921691.6,0,Sunday,4,34,13,16,10,7
2801,Ultra Lotto 6/58,2022-12-09,364223042.8,0,Friday,35,18,7,33,8,48
2828,Ultra Lotto 6/58,2022-12-06,348374388.0,0,Tuesday,53,23,46,22,58,9
2847,Ultra Lotto 6/58,2022-12-04,333985864.4,0,Sunday,6,49,58,35,36,31
2864,Ultra Lotto 6/58,2022-12-02,319977404.0,0,Friday,31,11,33,6,1,10
2891,Ultra Lotto 6/58,2022-11-29,304963600.8,0,Tuesday,38,55,26,32,20,9
2910,Ultra Lotto 6/58,2022-11-27,293032824.8,0,Sunday,36,38,29,7,45,12
2927,Ultra Lotto 6/58,2022-11-25,281543624.0,0,Friday,5,39,40,31,29,46
2954,Ultra Lotto 6/58,2022-11-22,269003650.4,0,Tuesday,8,3,21,51,7,58
2973,Ultra Lotto 6/58,2022-11-20,258135624.0,0,Sunday,41,52,36,53,49,15
2990,Ultra Lotto 6/58,2022-11-18,246887208.8,0,Friday,53,7,16,42,15,24
3017,Ultra Lotto 6/58,2022-11-15,234226692.8,0,Tuesday,10,41,29,46,58,13
3036,Ultra Lotto 6/58,2022-11-13,224300873.6,0,Sunday,43,46,50,16,9,17
3053,Ultra Lotto 6/58,2022-11-11,214398383.2,0,Friday,18,35,50,46,19,45
3080,Ultra Lotto 6/58,2022-11-08,203672278.8,0,Tuesday,18,5,49,2,53,48
3099,Ultra Lotto 6/58,2022-11-06,194908539.2,0,Sunday,50,25,39,23,35,9
3116,Ultra Lotto 6/58,2022-11-04,186415949.6,0,Friday,44,36,10,45,50,52
3143,Ultra Lotto 6/58,2022-11-01,177575689.6,0,Tuesday,34,17,26,20,5,29
3162,Ultra Lotto 6/58,2022-10-30,172194687.6,0,Sunday,39,29,42,20,8,19
3179,Ultra Lotto 6/58,2022-10-28,165457302.0,0,Friday,37,11,55,42,49,9
3206,Ultra Lotto 6/58,2022-10-25,158067330.4,0,Tuesday,17,42,28,44,25,58
3225,Ultra Lotto 6/58,2022-10-23,152287283.6,0,Sunday,39,7,58,37,50,16
3242,Ultra Lotto 6/58,2022-10-21,146528053.2,0,Friday,53,6,32,12,21,43
3269,Ultra Lotto 6/58,2022-10-18,139640275.6,0,Tuesday,32,4,23,27,10,21
3288,Ultra Lotto 6/58,2022-10-16,134489732.4,0,Sunday,48,3,49,44,40,41
3305,Ultra Lotto 6/58,2022-10-14,128936584.8,0,Friday,32,15,9,47,40,1
3332,Ultra Lotto 6/58,2022-10-11,122557068.8,0,Tuesday,13,52,4,18,1,24
3351,Ultra Lotto 6/58,2022-10-09,117756717.2,0,Sunday,24,1,25,9,39,47
3368,Ultra Lotto 6/58,2022-10-07,112756610.0,0,Friday,19,57,54,13,49,12
3395,Ultra Lotto 6/58,2022-10-04,106603267.2,0,Tuesday,30,56,50,6,58,25
3414,Ultra Lotto 6/58,2022-10-02,102294180.0,0,Sunday,40,14,56,39,44,24
3431,Ultra Lotto 6/58,2022-09-30,97719913.0,0,Friday,53,25,30,14,18,35
3458,Ultra Lotto 6/58,2022-09-27,91958727.6,0,Tuesday,14,52,2,21,57,48
3477,Ultra Lotto 6/58,2022-09-25,88507365.0,0,Sunday,50,43,12,5,46,54
3494,Ultra Lotto 6/58,2022-09-23,84940898.8,0,Friday,15,54,20,31,45,32
3521,Ultra Lotto 6/58,2022-09-20,80104597.0,0,Tuesday,4,31,30,21,53,6
3540,Ultra Lotto 6/58,2022-09-18,76578628.6,0,Sunday,36,53,57,50,4,3
3566,Ultra Lotto 6/58,2022-09-16,72487804.0,0,Friday,5,50,1,4,15,2
3593,Ultra Lotto 6/58,2022-09-13,67771128.0,0,Tuesday,3,8,53,34,14,16
3612,Ultra Lotto 6/58,2022-09-11,64509145.8,0,Sunday,21,19,55,36,46,43
3629,Ultra Lotto 6/58,2022-09-09,60718864.2,0,Friday,14,52,36,58,3,54
3656,Ultra Lotto 6/58,2022-09-06,56313035.6,0,Tuesday,24,16,35,12,23,22
3675,Ultra Lotto 6/58,2022-09-04,53117443.8,0,Sunday,6,57,48,11,28,13
3692,Ultra Lotto 6/58,2022-09-02,49500000.0,0,Friday,6,13,35,39,47,5
3719,Ultra Lotto 6/58,2022-08-30,49500000.0,0,Tuesday,37,29,38,5,24,19
3738,Ultra Lotto 6/58,2022-08-28,49500000.0,0,Sunday,32,11,17,38,28,18
3755,Ultra Lotto 6/58,2022-08-26,49500000.0,0,Friday,32,24,15,49,25,53
3782,Ultra Lotto 6/58,2022-08-23,49500000.0,0,Tuesday,18,20,27,2,38,15
3801,Ultra Lotto 6/58,2022-08-21,49500000.0,0,Sunday,18,4,22,23,44,33
3818,Ultra Lotto 6/58,2022-08-19,49500000.0,0,Friday,56,24,29,5,13,16
3845,Ultra Lotto 6/58,2022-08-16,49500000.0,0,Tuesday,34,20,6,14,32,3
3864,Ultra Lotto 6/58,2022-08-14,49500000.0,0,Sunday,16,44,6,33,47,21
3881,Ultra Lotto 6/58,2022-08-12,49500000.0,0,Friday,24,54,28,42,57,40
3908,Ultra Lotto 6/58,2022-08-09,49500000.0,0,Tuesday,24,29,31,56,55,16
3927,Ultra Lotto 6/58,2022-08-07,49500000.0,0,Sunday,52,25,19,14,54,34
3944,Ultra Lotto 6/58,2022-08-05,163365304.4,1,Friday,4,46,58,20,34,28
3971,Ultra Lotto 6/58,2022-08-02,155232098.0,0,Tuesday,23,48,53,6,50,7
3990,Ultra Lotto 6/58,2022-07-31,147543749.2,0,Sunday,9,20,46,3,18,33
4007,Ultra Lotto 6/58,2022-07-29,139728266.8,0,Friday,53,10,40,45,27,37
4034,Ultra Lotto 6/58,2022-07-26,131206197.2,0,Tuesday,35,28,24,55,25,2
4053,Ultra Lotto 6/58,2022-07-24,124177782.4,0,Sunday,1,14,20,43,47,11
4070,Ultra Lotto 6/58,2022-07-22,117188351.6,0,Friday,13,5,41,3,15,20
4097,Ultra Lotto 6/58,2022-07-19,109263036.4,0,Tuesday,52,45,25,43,51,29
4116,Ultra Lotto 6/58,2022-07-17,102945582.4,0,Sunday,34,9,21,29,57,44
4133,Ultra Lotto 6/58,2022-07-15,96788312.6,0,Friday,4,49,46,15,44,48
4160,Ultra Lotto 6/58,2022-07-12,90259613.4,0,Tuesday,18,25,35,47,4,16
4179,Ultra Lotto 6/58,2022-07-10,84837304.0,0,Sunday,14,42,48,22,16,30
4196,Ultra Lotto 6/58,2022-07-08,79138606.6,0,Friday,14,8,21,18,49,27
4223,Ultra Lotto 6/58,2022-07-05,71756993.6,0,Tuesday,37,45,22,43,4,6
4242,Ultra Lotto 6/58,2022-07-03,66783256.4,0,Sunday,42,9,25,15,18,58
4259,Ultra Lotto 6/58,2022-07-01,61694717.2,0,Friday,58,24,13,43,34,5
4286,Ultra Lotto 6/58,2022-06-28,55833635.6,0,Tuesday,55,54,2,58,23,9
4305,Ultra Lotto 6/58,2022-06-26,52057402.0,0,Sunday,53,47,15,30,32,58
4322,Ultra Lotto 6/58,2022-06-24,49500000.0,0,Friday,5,55,19,22,11,2
4349,Ultra Lotto 6/58,2022-06-21,49500000.0,0,Tuesday,21,12,54,31,43,48
4368,Ultra Lotto 6/58,2022-06-19,49500000.0,0,Sunday,2,14,51,21,26,46
4385,Ultra Lotto 6/58,2022-06-17,49500000.0,0,Friday,26,6,43,40,12,4
4412,Ultra Lotto 6/58,2022-06-14,49500000.0,0,Tuesday,48,33,10,46,2,53
4431,Ultra Lotto 6/58,2022-06-12,49500000.0,0,Sunday,5,37,40,48,9,39
4448,Ultra Lotto 6/58,2022-06-10,49500000.0,0,Friday,19,44,38,33,47,43
4475,Ultra Lotto 6/58,2022-06-07,49500000.0,0,Tuesday,28,26,50,4,5,21
4494,Ultra Lotto 6/58,2022-06-05,49500000.0,0,Sunday,25,11,54,52,50,3
4511,Ultra Lotto 6/58,2022-06-03,49500000.0,0,Friday,25,47,54,36,41,10
4538,Ultra Lotto 6/58,2022-05-31,49500000.0,0,Tuesday,28,56,12,43,25,31
4557,Ultra Lotto 6/58,2022-05-29,49500000.0,0,Sunday,9,25,56,40,12,43
4574,Ultra Lotto 6/58,2022-05-27,49500000.0,0,Friday,40,51,50,19,1,32
4601,Ultra Lotto 6/58,2022-05-24,100064568.0,1,Tuesday,20,22,9,54,6,19
4620,Ultra Lotto 6/58,2022-05-22,95453960.6,0,Sunday,28,13,44,58,50,3
4637,Ultra Lotto 6/58,2022-05-20,90763768.6,0,Friday,25,30,38,40,42,21
4664,Ultra Lotto 6/58,2022-05-17,85794099.0,0,Tuesday,5,11,41,30,37,29
4683,Ultra Lotto 6/58,2022-05-15,81871351.4,0,Sunday,40,52,25,44,28,50
4700,Ultra Lotto 6/58,2022-05-13,77723629.0,0,Friday,3,43,16,7,23,40
4727,Ultra Lotto 6/58,2022-05-10,73122256.0,0,Tuesday,46,29,10,38,48,56
4746,Ultra Lotto 6/58,2022-05-08,69961695.0,0,Sunday,25,53,56,14,48,6
4763,Ultra Lotto 6/58,2022-05-06,66483855.2,0,Friday,29,11,36,2,57,3
4790,Ultra Lotto 6/58,2022-05-03,62257873.4,0,Tuesday,34,12,39,9,8,6
4809,Ultra Lotto 6/58,2022-05-01,59236931.2,0,Sunday,2,23,6,58,18,21
4826,Ultra Lotto 6/58,2022-04-29,55792337.2,0,Friday,49,42,17,20,33,31
4853,Ultra Lotto 6/58,2022-04-26,51683779.2,0,Tuesday,52,18,30,22,49,20
4872,Ultra Lotto 6/58,2022-04-24,49500000.0,0,Sunday,2,15,8,51,9,45
4889,Ultra Lotto 6/58,2022-04-22,49500000.0,0,Friday,1,22,49,26,9,8
4916,Ultra Lotto 6/58,2022-04-19,49500000.0,0,Tuesday,33,6,45,8,42,38
4944,Ultra Lotto 6/58,2022-04-12,49500000.0,0,Tuesday,51,53,42,7,55,12
4963,Ultra Lotto 6/58,2022-04-10,49500000.0,0,Sunday,14,34,48,31,22,4
4980,Ultra Lotto 6/58,2022-04-08,49500000.0,0,Friday,55,42,48,20,12,19
5007,Ultra Lotto 6/58,2022-04-05,49500000.0,0,Tuesday,36,28,29,56,46,34
5026,Ultra Lotto 6/58,2022-04-03,49500000.0,0,Sunday,42,5,11,22,3,2
5043,Ultra Lotto 6/58,2022-04-01,49500000.0,0,Friday,10,21,49,48,25,5
5070,Ultra Lotto 6/58,2022-03-29,49500000.0,0,Tuesday,38,53,2,32,51,37
5089,Ultra Lotto 6/58,2022-03-27,49500000.0,0,Sunday,19,42,22,10,2,40
5106,Ultra Lotto 6/58,2022-03-25,49500000.0,0,Friday,54,25,18,35,37,17
5133,Ultra Lotto 6/58,2022-03-22,49500000.0,0,Tuesday,14,11,34,49,2,16
5152,Ultra Lotto 6/58,2022-03-20,79699584.8,1,Sunday,29,5,3,11,8,42
5169,Ultra Lotto 6/58,2022-03-18,75544261.4,0,Friday,35,25,32,9,51,2
5196,Ultra Lotto 6/58,2022-03-15,70784120.2,0,Tuesday,57,56,3,47,44,2
5215,Ultra Lotto 6/58,2022-03-13,67178411.4,0,Sunday,55,46,25,16,50,35
5232,Ultra Lotto 6/58,2022-03-11,63412013.0,0,Friday,13,42,49,30,26,27
5259,Ultra Lotto 6/58,2022-03-08,58837785.8,0,Tuesday,44,54,17,11,42,49
5278,Ultra Lotto 6/58,2022-03-06,55400950.2,0,Sunday,16,19,29,49,53,11
5295,Ultra Lotto 6/58,2022-03-04,51782147.0,0,Friday,4,39,24,48,16,53
5322,Ultra Lotto 6/58,2022-03-01,49500000.0,0,Tuesday,51,11,4,17,21,13
5341,Ultra Lotto 6/58,2022-02-27,49500000.0,0,Sunday,31,29,33,12,58,49
5358,Ultra Lotto 6/58,2022-02-25,49500000.0,0,Friday,56,16,18,30,42,41
5385,Ultra Lotto 6/58,2022-02-22,49500000.0,0,Tuesday,42,13,25,50,34,30
5404,Ultra Lotto 6/58,2022-02-20,49500000.0,0,Sunday,40,39,35,52,5,17
5421,Ultra Lotto 6/58,2022-02-18,49500000.0,0,Friday,47,58,12,18,31,44
5448,Ultra Lotto 6/58,2022-02-15,49500000.0,0,Tuesday,25,8,31,34,33,26
5467,Ultra Lotto 6/58,2022-02-13,49500000.0,0,Sunday,2,56,48,11,21,45
5484,Ultra Lotto 6/58,2022-02-11,49500000.0,0,Friday,49,45,3,13,39,57
5511,Ultra Lotto 6/58,2022-02-08,49500000.0,0,Tuesday,51,20,29,18,36,8
5530,Ultra Lotto 6/58,2022-02-06,49500000.0,0,Sunday,34,14,43,17,11,5
5547,Ultra Lotto 6/58,2022-02-04,49500000.0,0,Friday,11,27,1,3,55,32
5574,Ultra Lotto 6/58,2022-02-01,49500000.0,0,Tuesday,54,36,27,21,3,9
5593,Ultra Lotto 6/58,2022-01-30,49500000.0,1,Sunday,22,2,14,30,10,35
5610,Ultra Lotto 6/58,2022-01-28,49500000.0,0,Friday,53,5,1,38,37,17
5637,Ultra Lotto 6/58,2022-01-25,49500000.0,0,Tuesday,11,21,47,53,4,34
5656,Ultra Lotto 6/58,2022-01-23,49500000.0,0,Sunday,46,3,39,30,28,18
5673,Ultra Lotto 6/58,2022-01-21,49500000.0,0,Friday,43,37,49,34,1,30
5700,Ultra Lotto 6/58,2022-01-18,49500000.0,0,Tuesday,52,15,42,18,34,47
5719,Ultra Lotto 6/58,2022-01-16,49500000.0,0,Sunday,13,34,17,41,58,53
5736,Ultra Lotto 6/58,2022-01-14,70258716.8,1,Friday,53,10,19,21,42,47
5763,Ultra Lotto 6/58,2022-01-11,66768986.0,0,Tuesday,51,48,20,50,32,43
5782,Ultra Lotto 6/58,2022-01-09,64875864.6,0,Sunday,46,29,47,19,56,2
5799,Ultra Lotto 6/58,2022-01-07,61519636.0,0,Friday,5,34,22,25,13,43
5826,Ultra Lotto 6/58,2022-01-04,57293039.8,0,Tuesday,43,26,46,52,32,14
5845,Ultra Lotto 6/58,2022-01-02,54346532.8,0,Sunday,10,25,1,35,4,58
5853,Ultra Lotto 6/58,2021-12-31,51482998.0,0,Friday,47,26,48,14,8,6
5880,Ultra Lotto 6/58,2021-12-28,49500000.0,0,Tuesday,21,19,39,24,36,22
5899,Ultra Lotto 6/58,2021-12-26,49500000.0,0,Sunday,43,21,18,22,57,51
5907,Ultra Lotto 6/58,2021-12-24,49500000.0,0,Friday,14,27,16,2,34,45
5934,Ultra Lotto 6/58,2021-12-21,49500000.0,0,Tuesday,16,2,18,26,14,58
5953,Ultra Lotto 6/58,2021-12-19,49500000.0,0,Sunday,58,28,48,3,8,41
5970,Ultra Lotto 6/58,2021-12-17,49500000.0,0,Friday,44,57,19,24,10,52
5997,Ultra Lotto 6/58,2021-12-14,49500000.0,0,Tuesday,49,15,9,56,45,12
6016,Ultra Lotto 6/58,2021-12-12,49500000.0,0,Sunday,44,8,9,11,36,57
6033,Ultra Lotto 6/58,2021-12-10,49500000.0,0,Friday,57,2,33,41,44,56
6060,Ultra Lotto 6/58,2021-12-07,49500000.0,0,Tuesday,54,36,5,45,8,18
6079,Ultra Lotto 6/58,2021-12-05,49500000.0,0,Sunday,52,4,8,55,15,46
6096,Ultra Lotto 6/58,2021-12-03,49500000.0,0,Friday,32,5,41,53,35,20
6123,Ultra Lotto 6/58,2021-11-30,49500000.0,0,Tuesday,51,45,24,21,58,13
6142,Ultra Lotto 6/58,2021-11-28,49500000.0,0,Sunday,34,5,39,16,11,48
6159,Ultra Lotto 6/58,2021-11-26,378750791.2,1,Friday,20,17,12,29,10,46
6186,Ultra Lotto 6/58,2021-11-23,360984981.6,0,Tuesday,58,19,35,46,30,10
6205,Ultra Lotto 6/58,2021-11-21,347383868.8,0,Sunday,26,36,41,43,21,1
6222,Ultra Lotto 6/58,2021-11-19,334370239.6,0,Friday,55,21,6,28,42,25
6249,Ultra Lotto 6/58,2021-11-16,318822874.8,0,Tuesday,14,22,4,19,25,5
6268,Ultra Lotto 6/58,2021-11-14,306614551.2,0,Sunday,55,21,12,48,1,35
6285,Ultra Lotto 6/58,2021-11-12,295959594.8,0,Friday,5,15,53,23,31,49
6312,Ultra Lotto 6/58,2021-11-09,284504617.2,0,Tuesday,40,58,5,18,17,50
6331,Ultra Lotto 6/58,2021-11-07,274639689.6,0,Sunday,16,17,44,49,37,25
6348,Ultra Lotto 6/58,2021-11-05,264557261.2,0,Friday,22,43,19,12,13,2
6375,Ultra Lotto 6/58,2021-11-02,253420874.4,0,Tuesday,6,14,28,27,2,18
6394,Ultra Lotto 6/58,2021-10-31,245552834.0,0,Sunday,16,50,51,46,2,54
6411,Ultra Lotto 6/58,2021-10-29,237168101.6,0,Friday,28,43,31,8,15,6
6420,Ultra Lotto 6/58,2021-10-29,237168101.6,0,Friday,28,43,31,8,15,6
6447,Ultra Lotto 6/58,2021-10-26,227573866.4,0,Tuesday,50,12,3,26,28,21
6466,Ultra Lotto 6/58,2021-10-24,219851606.8,0,Sunday,56,7,35,25,52,29
6483,Ultra Lotto 6/58,2021-10-22,212014810.8,0,Friday,37,54,14,51,48,5
6510,Ultra Lotto 6/58,2021-10-19,203160211.2,0,Tuesday,16,32,50,22,28,35
6529,Ultra Lotto 6/58,2021-10-17,195992329.6,0,Sunday,2,13,4,37,18,48
6546,Ultra Lotto 6/58,2021-10-15,188917798.4,0,Friday,37,3,35,2,42,44
6582,Ultra Lotto 6/58,2021-10-12,181276124.8,0,Tuesday,3,30,45,19,16,32
6601,Ultra Lotto 6/58,2021-10-10,175070668.4,0,Sunday,19,3,40,57,54,56
6618,Ultra Lotto 6/58,2021-10-08,168558747.6,0,Friday,49,20,32,15,22,1
6645,Ultra Lotto 6/58,2021-10-05,161054996.4,0,Tuesday,45,41,2,42,48,3
6664,Ultra Lotto 6/58,2021-10-03,155093968.8,0,Sunday,6,17,31,8,13,5
6681,Ultra Lotto 6/58,2021-10-01,148944172.4,0,Friday,18,49,23,22,19,47
6708,Ultra Lotto 6/58,2021-09-28,142003647.6,0,Tuesday,21,58,34,4,33,1
6727,Ultra Lotto 6/58,2021-09-26,136733662.0,0,Sunday,16,3,23,19,55,36
6744,Ultra Lotto 6/58,2021-09-24,131333920.4,0,Friday,4,12,14,44,55,6
6771,Ultra Lotto 6/58,2021-09-21,125445668.8,0,Tuesday,35,49,57,23,24,48
6790,Ultra Lotto 6/58,2021-09-19,120481861.6,0,Sunday,32,21,5,34,27,10
6807,Ultra Lotto 6/58,2021-09-17,115501193.6,0,Friday,51,34,8,43,9,32
6834,Ultra Lotto 6/58,2021-09-14,109973786.0,0,Tuesday,54,1,44,13,51,25
6853,Ultra Lotto 6/58,2021-09-12,105502286.0,0,Sunday,31,28,15,2,50,43
6870,Ultra Lotto 6/58,2021-09-10,101205716.8,0,Friday,42,34,46,35,5,23
6897,Ultra Lotto 6/58,2021-09-07,96586921.4,0,Tuesday,54,37,56,18,43,45
6916,Ultra Lotto 6/58,2021-09-05,92692710.2,0,Sunday,35,47,15,34,23,58
6933,Ultra Lotto 6/58,2021-09-03,88599433.4,0,Friday,58,55,23,22,57,44
6960,Ultra Lotto 6/58,2021-08-31,83976305.8,0,Tuesday,3,47,34,43,29,7
6979,Ultra Lotto 6/58,2021-08-29,80350332.2,0,Sunday,48,32,41,36,9,18
6996,Ultra Lotto 6/58,2021-08-27,76867640.8,0,Friday,19,53,49,47,48,56
7023,Ultra Lotto 6/58,2021-08-24,72938558.6,0,Tuesday,39,55,31,58,22,51
7042,Ultra Lotto 6/58,2021-08-22,70020779.6,0,Sunday,17,8,52,28,42,15
7059,Ultra Lotto 6/58,2021-08-20,67248568.8,0,Friday,29,10,6,8,35,46
7086,Ultra Lotto 6/58,2021-08-17,64881623.4,0,Tuesday,9,12,35,4,22,32
7105,Ultra Lotto 6/58,2021-08-15,62826026.4,0,Sunday,3,1,47,56,6,7
7122,Ultra Lotto 6/58,2021-08-13,60876694.4,0,Friday,4,48,33,54,51,49
7149,Ultra Lotto 6/58,2021-08-10,58558636.2,0,Tuesday,25,27,34,11,49,45
7168,Ultra Lotto 6/58,2021-08-08,56801116.8,0,Sunday,45,47,13,55,5,39
7185,Ultra Lotto 6/58,2021-08-06,55006841.2,0,Friday,53,16,24,39,43,42
7212,Ultra Lotto 6/58,2021-08-03,53105608.0,0,Tuesday,54,3,40,36,53,34
7231,Ultra Lotto 6/58,2021-08-01,50932282.2,0,Sunday,7,17,28,5,38,26
7248,Ultra Lotto 6/58,2021-07-30,49500000.0,0,Friday,26,11,32,37,46,24
7275,Ultra Lotto 6/58,2021-07-27,49500000.0,0,Tuesday,53,10,12,30,11,5
7294,Ultra Lotto 6/58,2021-07-25,49500000.0,0,Sunday,15,1,48,33,12,19
7311,Ultra Lotto 6/58,2021-07-23,49500000.0,0,Friday,5,20,29,55,9,49
7338,Ultra Lotto 6/58,2021-07-20,49500000.0,0,Tuesday,58,33,4,5,13,14
7357,Ultra Lotto 6/58,2021-07-18,49500000.0,0,Sunday,39,17,51,25,14,50
7374,Ultra Lotto 6/58,2021-07-16,49500000.0,0,Friday,58,1,22,10,21,37
7401,Ultra Lotto 6/58,2021-07-13,49500000.0,0,Tuesday,42,58,24,54,55,29
7420,Ultra Lotto 6/58,2021-07-11,49500000.0,0,Sunday,53,43,16,42,58,46
7437,Ultra Lotto 6/58,2021-07-09,49500000.0,0,Friday,12,39,23,24,36,35
7464,Ultra Lotto 6/58,2021-07-06,49500000.0,0,Tuesday,42,12,10,19,40,26
7483,Ultra Lotto 6/58,2021-07-04,49500000.0,0,Sunday,55,35,21,26,31,11
7500,Ultra Lotto 6/58,2021-07-02,49500000.0,0,Friday,25,38,3,31,14,34
7527,Ultra Lotto 6/58,2021-06-29,49500000.0,0,Tuesday,47,55,51,23,41,4
7546,Ultra Lotto 6/58,2021-06-27,49500000.0,0,Sunday,35,27,29,25,30,4
7563,Ultra Lotto 6/58,2021-06-25,49500000.0,0,Friday,10,28,17,1,50,48
7590,Ultra Lotto 6/58,2021-06-22,49500000.0,1,Tuesday,5,38,9,20,24,17
7609,Ultra Lotto 6/58,2021-06-20,49500000.0,0,Sunday,1,47,26,41,2,53
7626,Ultra Lotto 6/58,2021-06-18,49500000.0,0,Friday,37,16,10,13,6,36
7653,Ultra Lotto 6/58,2021-06-15,49500000.0,0,Tuesday,3,37,29,53,22,9
7672,Ultra Lotto 6/58,2021-06-13,49500000.0,0,Sunday,46,42,21,12,16,9
7689,Ultra Lotto 6/58,2021-06-11,49500000.0,0,Friday,56,52,32,37,10,3
7716,Ultra Lotto 6/58,2021-06-08,49500000.0,0,Tuesday,12,27,25,49,30,41
7735,Ultra Lotto 6/58,2021-06-06,49500000.0,0,Sunday,1,50,17,10,7,47
7752,Ultra Lotto 6/58,2021-06-04,49500000.0,0,Friday,25,5,48,15,8,34
7779,Ultra Lotto 6/58,2021-06-01,49500000.0,0,Tuesday,18,52,39,3,40,22
7798,Ultra Lotto 6/58,2021-05-30,49500000.0,0,Sunday,19,22,28,27,3,45
7815,Ultra Lotto 6/58,2021-05-28,49500000.0,1,Friday,40,36,41,10,48,35
7842,Ultra Lotto 6/58,2021-05-25,49500000.0,0,Tuesday,42,17,44,34,48,30
7861,Ultra Lotto 6/58,2021-05-23,49500000.0,0,Sunday,5,34,13,43,37,25
7878,Ultra Lotto 6/58,2021-05-21,49500000.0,0,Friday,10,54,17,52,6,8
7905,Ultra Lotto 6/58,2021-05-18,49500000.0,0,Tuesday,18,33,26,36,46,1
7924,Ultra Lotto 6/58,2021-05-16,49500000.0,0,Sunday,40,21,28,57,25,43
7941,Ultra Lotto 6/58,2021-05-14,49500000.0,0,Friday,28,20,52,21,4,55
7968,Ultra Lotto 6/58,2021-05-11,49500000.0,0,Tuesday,40,20,31,38,26,1
7987,Ultra Lotto 6/58,2021-05-09,49500000.0,0,Sunday,29,42,49,17,11,18
8004,Ultra Lotto 6/58,2021-05-07,49500000.0,0,Friday,44,28,55,31,35,49
8031,Ultra Lotto 6/58,2021-05-04,49500000.0,0,Tuesday,14,56,6,33,32,44
8050,Ultra Lotto 6/58,2021-05-02,49500000.0,0,Sunday,43,47,25,53,35,10
8067,Ultra Lotto 6/58,2021-04-30,49500000.0,0,Friday,6,31,52,42,22,48
8094,Ultra Lotto 6/58,2021-04-27,49500000.0,0,Tuesday,37,25,17,2,42,50
8113,Ultra Lotto 6/58,2021-04-25,49500000.0,0,Sunday,24,20,50,43,49,35
8130,Ultra Lotto 6/58,2021-04-23,49500000.0,0,Friday,12,13,31,53,10,24
8157,Ultra Lotto 6/58,2021-04-20,49500000.0,0,Tuesday,45,54,13,6,51,35
8176,Ultra Lotto 6/58,2021-04-18,49500000.0,0,Sunday,14,19,40,32,9,15
8193,Ultra Lotto 6/58,2021-04-16,49500000.0,0,Friday,10,55,45,57,2,35
8220,Ultra Lotto 6/58,2021-04-13,49500000.0,0,Tuesday,19,58,42,6,57,2
8239,Ultra Lotto 6/58,2021-04-11,49500000.0,0,Sunday,10,7,49,22,15,6
8256,Ultra Lotto 6/58,2021-04-09,49500000.0,0,Friday,32,36,29,43,26,52
8283,Ultra Lotto 6/58,2021-04-06,49500000.0,0,Tuesday,53,9,15,28,4,23
8311,Ultra Lotto 6/58,2021-03-30,49500000.0,0,Tuesday,37,18,48,47,58,45
8330,Ultra Lotto 6/58,2021-03-28,49500000.0,0,Sunday,24,28,32,13,9,6
8347,Ultra Lotto 6/58,2021-03-26,49500000.0,0,Friday,1,5,42,52,7,17
8374,Ultra Lotto 6/58,2021-03-23,55975262.8,2,Tuesday,16,27,8,5,12,23
8393,Ultra Lotto 6/58,2021-03-21,53301227.2,0,Sunday,26,23,48,42,14,2
8410,Ultra Lotto 6/58,2021-03-19,50051325.2,0,Friday,45,52,16,30,48,12
8437,Ultra Lotto 6/58,2021-03-16,49500000.0,0,Tuesday,6,14,55,52,16,12
8456,Ultra Lotto 6/58,2021-03-14,49500000.0,0,Sunday,37,31,6,26,42,8
8473,Ultra Lotto 6/58,2021-03-12,49500000.0,0,Friday,49,2,6,43,54,25
8500,Ultra Lotto 6/58,2021-03-09,49500000.0,0,Tuesday,19,44,29,30,5,46
8519,Ultra Lotto 6/58,2021-03-07,49500000.0,0,Sunday,49,4,38,40,13,19
8536,Ultra Lotto 6/58,2021-03-05,49500000.0,0,Friday,56,26,12,3,45,32
8563,Ultra Lotto 6/58,2021-03-02,49500000.0,0,Tuesday,57,4,14,49,31,41
8582,Ultra Lotto 6/58,2021-02-28,49500000.0,0,Sunday,57,44,15,27,38,6
8599,Ultra Lotto 6/58,2021-02-26,49500000.0,0,Friday,49,31,45,40,53,8
8626,Ultra Lotto 6/58,2021-02-23,49500000.0,0,Tuesday,54,13,51,29,30,31
8645,Ultra Lotto 6/58,2021-02-21,49500000.0,0,Sunday,47,21,38,1,28,3
8662,Ultra Lotto 6/58,2021-02-19,49500000.0,0,Friday,52,2,16,7,51,44
8689,Ultra Lotto 6/58,2021-02-16,49500000.0,0,Tuesday,4,35,7,26,23,14
8708,Ultra Lotto 6/58,2021-02-14,49500000.0,0,Sunday,53,51,46,31,26,7
8725,Ultra Lotto 6/58,2021-02-12,246085102.0,1,Friday,24,9,32,41,29,22
8752,Ultra Lotto 6/58,2021-02-09,237503812.8,0,Tuesday,43,9,21,18,20,31
8771,Ultra Lotto 6/58,2021-02-07,230693620.4,0,Sunday,11,12,1,56,48,38
8788,Ultra Lotto 6/58,2021-02-05,223394183.2,0,Friday,26,1,44,40,3,36
8815,Ultra Lotto 6/58,2021-02-02,215288019.2,0,Tuesday,37,29,33,51,42,13
8834,Ultra Lotto 6/58,2021-01-31,208441100.0,0,Sunday,11,5,19,49,17,35
8851,Ultra Lotto 6/58,2021-01-29,201418009.2,0,Friday,34,10,26,4,42,21
8878,Ultra Lotto 6/58,2021-01-26,193912616.8,0,Tuesday,2,42,11,29,56,21
8897,Ultra Lotto 6/58,2021-01-24,187828618.0,0,Sunday,57,21,47,33,27,5
8914,Ultra Lotto 6/58,2021-01-22,181669709.2,0,Friday,19,7,56,24,28,43
8941,Ultra Lotto 6/58,2021-01-19,174872866.4,0,Tuesday,20,46,48,44,10,50
8960,Ultra Lotto 6/58,2021-01-17,169117851.2,0,Sunday,39,29,17,5,37,1
8977,Ultra Lotto 6/58,2021-01-15,163126085.2,0,Friday,7,53,54,9,50,29
9004,Ultra Lotto 6/58,2021-01-12,156519639.2,0,Tuesday,38,54,47,48,42,25
9023,Ultra Lotto 6/58,2021-01-10,150905063.2,0,Sunday,22,30,28,39,5,19
9040,Ultra Lotto 6/58,2021-01-08,145063152.4,0,Friday,52,26,50,44,6,45
9065,Ultra Lotto 6/58,2021-01-05,138607327.2,0,Tuesday,28,1,5,30,15,32
9082,Ultra Lotto 6/58,2021-01-03,133279574.0,0,Sunday,29,6,19,38,27,58
9114,Ultra Lotto 6/58,2020-12-29,127914574.8,0,Tuesday,19,38,48,30,6,46
9131,Ultra Lotto 6/58,2020-12-27,122730138.4,0,Sunday,21,57,33,32,39,49
9163,Ultra Lotto 6/58,2020-12-22,117488832.0,0,Tuesday,9,45,51,15,42,36
9180,Ultra Lotto 6/58,2020-12-20,112604607.6,0,Sunday,34,38,46,22,48,52
9196,Ultra Lotto 6/58,2020-12-18,107642542.8,0,Friday,8,49,52,42,31,55
9220,Ultra Lotto 6/58,2020-12-15,102563530.4,0,Tuesday,33,47,55,32,3,57
9237,Ultra Lotto 6/58,2020-12-13,98786474.6,0,Sunday,55,15,3,35,7,24
9253,Ultra Lotto 6/58,2020-12-11,94821792.2,0,Friday,18,13,16,1,17,31
9277,Ultra Lotto 6/58,2020-12-08,91440869.0,0,Tuesday,20,26,22,49,51,7
9294,Ultra Lotto 6/58,2020-12-06,88190060.8,0,Sunday,19,9,52,55,31,54
9310,Ultra Lotto 6/58,2020-12-04,85212111.6,0,Friday,2,29,35,43,26,18
9334,Ultra Lotto 6/58,2020-12-01,82217505.8,0,Tuesday,49,52,40,48,43,54
9351,Ultra Lotto 6/58,2020-11-29,79754553.4,0,Sunday,50,57,17,41,11,42
9367,Ultra Lotto 6/58,2020-11-27,77029252.2,0,Friday,30,35,52,12,23,47
9391,Ultra Lotto 6/58,2020-11-24,74333010.4,0,Tuesday,25,7,47,34,5,40
9408,Ultra Lotto 6/58,2020-11-22,72011414.4,0,Sunday,53,12,38,55,7,2
9424,Ultra Lotto 6/58,2020-11-20,69405695.0,0,Friday,11,32,9,55,1,41
9448,Ultra Lotto 6/58,2020-11-17,66812537.2,0,Tuesday,4,30,22,6,17,40
9465,Ultra Lotto 6/58,2020-11-15,64678537.6,0,Sunday,39,5,8,26,50,10
9481,Ultra Lotto 6/58,2020-11-13,62314871.4,0,Friday,2,27,34,15,38,52
9505,Ultra Lotto 6/58,2020-11-10,60046671.6,0,Tuesday,13,27,41,4,37,40
9522,Ultra Lotto 6/58,2020-11-08,58035977.8,0,Sunday,36,33,5,34,35,42
9538,Ultra Lotto 6/58,2020-11-06,55780897.8,0,Friday,48,21,44,4,41,16
9562,Ultra Lotto 6/58,2020-11-03,53376011.4,0,Tuesday,42,17,53,5,55,43
9579,Ultra Lotto 6/58,2020-11-01,51527982.8,0,Sunday,9,43,17,25,19,47
9595,Ultra Lotto 6/58,2020-10-30,50207914.4,0,Friday,1,2,38,24,11,6
9619,Ultra Lotto 6/58,2020-10-27,49500000.0,0,Tuesday,52,55,56,20,57,45
9636,Ultra Lotto 6/58,2020-10-25,49500000.0,0,Sunday,1,14,47,30,57,39
9652,Ultra Lotto 6/58,2020-10-23,49500000.0,0,Friday,37,49,19,51,4,54
9676,Ultra Lotto 6/58,2020-10-20,49500000.0,0,Tuesday,7,33,34,51,4,16
9693,Ultra Lotto 6/58,2020-10-18,49500000.0,0,Sunday,33,13,39,10,1,5
9709,Ultra Lotto 6/58,2020-10-16,49500000.0,0,Friday,36,7,3,40,58,38
9733,Ultra Lotto 6/58,2020-10-13,49500000.0,0,Tuesday,38,55,45,49,20,26
9750,Ultra Lotto 6/58,2020-10-11,49500000.0,0,Sunday,54,11,38,19,32,21
9766,Ultra Lotto 6/58,2020-10-09,49500000.0,0,Friday,42,3,31,1,22,51
9790,Ultra Lotto 6/58,2020-10-06,49500000.0,0,Tuesday,20,4,18,29,14,44
9807,Ultra Lotto 6/58,2020-10-04,49500000.0,0,Sunday,51,46,14,7,38,16
9823,Ultra Lotto 6/58,2020-10-02,49500000.0,0,Friday,1,49,34,19,6,27
9847,Ultra Lotto 6/58,2020-09-29,49500000.0,0,Tuesday,39,32,41,50,13,8
9864,Ultra Lotto 6/58,2020-09-27,49500000.0,0,Sunday,52,45,54,41,18,35
9880,Ultra Lotto 6/58,2020-09-25,49500000.0,0,Friday,40,24,36,14,10,16
9904,Ultra Lotto 6/58,2020-09-22,49500000.0,0,Tuesday,22,28,55,9,57,32
9921,Ultra Lotto 6/58,2020-09-20,49500000.0,0,Sunday,36,51,47,24,53,15
9937,Ultra Lotto 6/58,2020-09-18,49500000.0,0,Friday,50,29,56,57,3,47
9961,Ultra Lotto 6/58,2020-09-15,49500000.0,0,Tuesday,21,2,10,38,14,19
9978,Ultra Lotto 6/58,2020-09-13,49500000.0,0,Sunday,18,3,25,37,27,52
9994,Ultra Lotto 6/58,2020-09-11,49500000.0,0,Friday,20,36,38,42,58,47
10018,Ultra Lotto 6/58,2020-09-08,49500000.0,0,Tuesday,25,11,51,46,42,45
10035,Ultra Lotto 6/58,2020-09-06,339217037.6,1,Sunday,18,19,28,9,1,11
10051,Ultra Lotto 6/58,2020-09-04,334815352.4,0,Friday,26,46,4,48,8,44
10075,Ultra Lotto 6/58,2020-09-01,330043781.2,0,Tuesday,49,38,23,12,20,56
10092,Ultra Lotto 6/58,2020-08-30,326405174.8,0,Sunday,2,1,26,14,28,46
10108,Ultra Lotto 6/58,2020-08-28,322816332.4,0,Friday,14,10,5,13,56,53
10132,Ultra Lotto 6/58,2020-08-25,318901480.8,0,Tuesday,2,51,20,16,19,56
10149,Ultra Lotto 6/58,2020-08-23,316031338.8,0,Sunday,15,40,7,3,13,9
10153,Ultra Lotto 6/58,2020-08-21,313421879.2,0,Friday,28,39,2,24,17,16
10159,Ultra Lotto 6/58,2020-08-18,310754880.8,0,Tuesday,8,41,50,18,34,9
10164,Ultra Lotto 6/58,2020-08-16,309397128.8,0,Sunday,22,51,32,18,33,26
10168,Ultra Lotto 6/58,2020-08-14,308201222.0,0,Friday,1,2,56,8,17,40
10174,Ultra Lotto 6/58,2020-08-11,306851359.2,0,Tuesday,6,2,49,40,33,23
10179,Ultra Lotto 6/58,2020-08-09,306044298.0,0,Sunday,13,10,55,48,12,6
10183,Ultra Lotto 6/58,2020-08-07,305493470.8,0,Friday,50,41,56,1,8,13
10188,Ultra Lotto 6/58,2020-03-29,305185844.8,0,Sunday,49,38,57,29,19,23
10193,Ultra Lotto 6/58,2020-03-27,305180270.0,0,Friday,39,51,15,6,48,41
10202,Ultra Lotto 6/58,2020-03-24,305164170.4,0,Tuesday,23,55,15,10,27,43
10221,Ultra Lotto 6/58,2020-03-22,305129683.2,0,Sunday,44,35,9,56,19,32
10238,Ultra Lotto 6/58,2020-03-20,305038541.6,0,Friday,36,30,1,33,28,21
10261,Ultra Lotto 6/58,2020-03-17,304860671.6,0,Tuesday,43,15,21,17,27,54
10280,Ultra Lotto 6/58,2020-03-15,302964135.2,0,Sunday,52,12,43,8,25,26
10297,Ultra Lotto 6/58,2020-03-13,295860876.4,0,Friday,45,8,49,4,7,13
10324,Ultra Lotto 6/58,2020-03-10,287110354.4,0,Tuesday,57,30,7,29,40,13
10343,Ultra Lotto 6/58,2020-03-08,278998012.8,0,Sunday,9,38,17,54,16,53
10360,Ultra Lotto 6/58,2020-03-06,270372446.4,0,Friday,26,53,10,24,49,12
10396,Ultra Lotto 6/58,2020-03-03,260843771.2,0,Tuesday,47,11,32,45,34,29
10415,Ultra Lotto 6/58,2020-03-01,252664690.4,0,Sunday,40,14,41,20,52,36
10432,Ultra Lotto 6/58,2020-02-28,244041887.2,0,Friday,46,56,55,52,14,37
10459,Ultra Lotto 6/58,2020-02-25,235004080.4,0,Tuesday,46,14,25,29,57,45
10478,Ultra Lotto 6/58,2020-02-23,227359058.4,0,Sunday,17,54,22,11,45,26
10495,Ultra Lotto 6/58,2020-02-21,219334224.0,0,Friday,41,43,14,35,52,50
10522,Ultra Lotto 6/58,2020-02-18,210804098.0,0,Tuesday,47,23,31,56,42,1
10541,Ultra Lotto 6/58,2020-02-16,203337372.8,0,Sunday,55,17,33,38,45,30
10558,Ultra Lotto 6/58,2020-02-14,196257970.8,0,Friday,41,55,14,46,4,10
10585,Ultra Lotto 6/58,2020-02-11,189403329.6,0,Tuesday,38,34,23,50,58,33
10604,Ultra Lotto 6/58,2020-02-09,183496686.0,0,Sunday,14,7,43,54,42,31
10621,Ultra Lotto 6/58,2020-02-07,177383290.8,0,Friday,22,16,29,26,19,39
10648,Ultra Lotto 6/58,2020-02-04,170977603.6,0,Tuesday,22,49,42,20,40,5
10667,Ultra Lotto 6/58,2020-02-02,165464487.2,0,Sunday,2,41,9,6,55,24
10684,Ultra Lotto 6/58,2020-01-31,159481926.0,0,Friday,55,18,1,16,52,3
10711,Ultra Lotto 6/58,2020-01-28,153166069.2,0,Tuesday,26,51,36,37,41,57
10730,Ultra Lotto 6/58,2020-01-26,147965181.2,0,Sunday,1,3,29,41,24,48
10747,Ultra Lotto 6/58,2020-01-24,142552296.8,0,Friday,38,34,30,6,44,21
10774,Ultra Lotto 6/58,2020-01-21,136641376.4,0,Tuesday,27,50,42,52,15,34
10793,Ultra Lotto 6/58,2020-01-19,131522940.0,0,Sunday,10,1,39,5,28,15
10810,Ultra Lotto 6/58,2020-01-17,126396882.8,0,Friday,14,11,21,9,16,17
10837,Ultra Lotto 6/58,2020-01-14,120725230.0,0,Tuesday,9,4,21,34,15,37
10856,Ultra Lotto 6/58,2020-01-12,116362467.2,0,Sunday,43,35,38,13,23,22
10873,Ultra Lotto 6/58,2020-01-10,111662963.6,0,Friday,22,16,32,20,51,9
10900,Ultra Lotto 6/58,2020-01-07,106935555.2,0,Tuesday,54,46,2,41,47,3
10919,Ultra Lotto 6/58,2020-01-05,102953273.6,0,Sunday,24,19,40,53,9,7
10936,Ultra Lotto 6/58,2020-01-03,98649191.2,0,Friday,50,18,51,38,57,30
10954,Ultra Lotto 6/58,2019-12-31,94535594.4,0,Tuesday,28,21,14,52,46,29
10973,Ultra Lotto 6/58,2019-12-29,92224548.2,0,Sunday,27,28,40,45,43,14
10990,Ultra Lotto 6/58,2019-12-27,88299709.6,0,Friday,8,56,18,37,58,23
11008,Ultra Lotto 6/58,2019-12-24,84504553.4,0,Tuesday,36,37,51,14,4,15
11027,Ultra Lotto 6/58,2019-12-22,82566391.0,0,Sunday,55,25,17,57,11,50
11044,Ultra Lotto 6/58,2019-12-20,78982007.6,0,Friday,41,9,15,19,58,44
11071,Ultra Lotto 6/58,2019-12-17,75414274.0,0,Tuesday,54,49,35,40,37,5
11090,Ultra Lotto 6/58,2019-12-15,72282109.6,0,Sunday,1,45,44,46,10,5
11107,Ultra Lotto 6/58,2019-12-13,69070421.8,0,Friday,8,37,22,1,31,55
11134,Ultra Lotto 6/58,2019-12-10,65841720.6,0,Tuesday,34,30,35,9,18,21
11153,Ultra Lotto 6/58,2019-12-08,63071826.6,0,Sunday,45,36,19,55,3,32
11170,Ultra Lotto 6/58,2019-12-06,60074267.6,0,Friday,11,41,55,58,10,17
11197,Ultra Lotto 6/58,2019-12-03,57051128.8,0,Tuesday,39,46,55,2,52,44
11216,Ultra Lotto 6/58,2019-12-01,55515935.0,0,Sunday,55,44,5,16,15,54
11233,Ultra Lotto 6/58,2019-11-29,52979040.6,0,Friday,19,36,26,21,27,8
11260,Ultra Lotto 6/58,2019-11-26,50142173.6,0,Tuesday,58,46,45,52,25,54
11279,Ultra Lotto 6/58,2019-11-24,49500000.0,0,Sunday,41,28,27,44,14,57
11296,Ultra Lotto 6/58,2019-11-22,49500000.0,0,Friday,1,2,25,32,31,50
11323,Ultra Lotto 6/58,2019-11-19,49500000.0,0,Tuesday,15,55,17,1,6,20
11342,Ultra Lotto 6/58,2019-11-17,49500000.0,0,Sunday,15,55,2,12,35,14
11359,Ultra Lotto 6/58,2019-11-15,49500000.0,0,Friday,56,21,19,32,39,41
11386,Ultra Lotto 6/58,2019-11-12,49500000.0,0,Tuesday,11,43,53,28,15,49
11405,Ultra Lotto 6/58,2019-11-10,49500000.0,0,Sunday,22,7,33,54,13,15
11422,Ultra Lotto 6/58,2019-11-08,49500000.0,0,Friday,54,31,8,22,52,32
11449,Ultra Lotto 6/58,2019-11-05,49500000.0,0,Tuesday,11,49,32,8,45,52
11468,Ultra Lotto 6/58,2019-11-03,49500000.0,0,Sunday,37,13,31,22,28,16
11485,Ultra Lotto 6/58,2019-11-01,49500000.0,0,Friday,10,18,14,23,3,54
11512,Ultra Lotto 6/58,2019-10-29,49500000.0,0,Tuesday,2,37,50,26,22,10
11531,Ultra Lotto 6/58,2019-10-27,49500000.0,0,Sunday,6,3,39,38,43,34
11548,Ultra Lotto 6/58,2019-10-25,49500000.0,0,Friday,34,44,13,30,29,54
11557,Ultra Lotto 6/58,2019-10-25,49500000.0,0,Friday,34,44,13,30,29,54
11584,Ultra Lotto 6/58,2019-10-22,49500000.0,0,Tuesday,14,25,54,45,35,36
11603,Ultra Lotto 6/58,2019-10-20,49500000.0,0,Sunday,45,43,2,47,13,58
11620,Ultra Lotto 6/58,2019-10-18,49500000.0,0,Friday,55,37,11,21,18,45
11647,Ultra Lotto 6/58,2019-10-15,49500000.0,0,Tuesday,13,23,9,58,38,14
11666,Ultra Lotto 6/58,2019-10-13,49500000.0,0,Sunday,13,31,17,22,35,36
11683,Ultra Lotto 6/58,2019-10-11,244927422.4,1,Friday,55,16,17,9,52,20
11710,Ultra Lotto 6/58,2019-10-08,237378901.2,0,Tuesday,40,52,14,45,21,38
11729,Ultra Lotto 6/58,2019-10-06,230753007.2,0,Sunday,23,11,12,42,8,45
11746,Ultra Lotto 6/58,2019-10-04,223732829.2,0,Friday,22,52,8,45,2,41
11773,Ultra Lotto 6/58,2019-10-01,216453794.8,0,Tuesday,9,2,35,11,52,6
11792,Ultra Lotto 6/58,2019-09-29,210228705.6,0,Sunday,8,24,37,23,26,40
11809,Ultra Lotto 6/58,2019-09-27,203684158.8,0,Friday,47,56,46,58,54,37
11836,Ultra Lotto 6/58,2019-09-24,196855952.8,0,Tuesday,15,39,10,5,21,55
11855,Ultra Lotto 6/58,2019-09-22,191018692.8,0,Sunday,10,5,2,24,49,58
11872,Ultra Lotto 6/58,2019-09-20,184807789.2,0,Friday,58,5,1,14,9,36
11899,Ultra Lotto 6/58,2019-09-17,178200885.6,0,Tuesday,21,26,38,10,19,36
11918,Ultra Lotto 6/58,2019-09-15,172524155.2,0,Sunday,8,34,55,31,1,11
11944,Ultra Lotto 6/58,2019-09-13,166545369.2,0,Friday,44,49,42,18,20,4
11971,Ultra Lotto 6/58,2019-09-10,160077065.6,0,Tuesday,30,13,9,11,47,1
11990,Ultra Lotto 6/58,2019-09-08,154617734.8,0,Sunday,56,53,49,40,20,7
12007,Ultra Lotto 6/58,2019-09-06,148951507.2,0,Friday,43,57,50,12,49,19
12034,Ultra Lotto 6/58,2019-09-03,142529940.4,0,Tuesday,43,49,14,55,44,33
12053,Ultra Lotto 6/58,2019-09-01,137220794.8,0,Sunday,40,27,54,38,30,24
12070,Ultra Lotto 6/58,2019-08-30,131752290.0,0,Friday,54,14,15,35,55,34
12097,Ultra Lotto 6/58,2019-08-27,125834153.6,0,Tuesday,39,57,47,18,41,31
12116,Ultra Lotto 6/58,2019-08-25,121317461.2,0,Sunday,43,13,10,9,15,17
12133,Ultra Lotto 6/58,2019-08-23,116787093.6,0,Friday,45,22,16,56,43,19
12160,Ultra Lotto 6/58,2019-08-20,111451917.6,0,Tuesday,12,47,9,6,20,35
12179,Ultra Lotto 6/58,2019-08-18,107247950.8,0,Sunday,56,42,52,27,38,22
12196,Ultra Lotto 6/58,2019-08-16,102822514.4,0,Friday,52,50,51,14,37,54
12223,Ultra Lotto 6/58,2019-08-13,98276940.4,0,Tuesday,51,16,10,2,4,32
12242,Ultra Lotto 6/58,2019-08-11,95142867.8,0,Sunday,46,5,32,31,12,27
12259,Ultra Lotto 6/58,2019-08-09,91494191.4,0,Friday,29,20,11,44,9,26
12286,Ultra Lotto 6/58,2019-08-06,88604433.6,0,Tuesday,29,9,8,55,7,24
12305,Ultra Lotto 6/58,2019-08-04,85687251.4,0,Sunday,1,12,43,5,41,2
12322,Ultra Lotto 6/58,2019-08-02,82260852.2,0,Friday,41,11,17,45,34,37
12349,Ultra Lotto 6/58,2019-07-30,78823541.0,0,Tuesday,3,16,8,2,53,10
12368,Ultra Lotto 6/58,2019-07-28,78768843.2,0,Sunday,53,56,3,34,46,52
12385,Ultra Lotto 6/58,2019-07-26,78631885.8,0,Friday,19,31,46,50,55,11
12412,Ultra Lotto 6/58,2019-07-23,74947537.8,0,Tuesday,26,8,20,31,17,14
12431,Ultra Lotto 6/58,2019-07-21,72334120.6,0,Sunday,6,17,16,3,26,34
12448,Ultra Lotto 6/58,2019-07-19,69367907.0,0,Friday,47,31,12,22,32,23
12475,Ultra Lotto 6/58,2019-07-16,66009300.0,0,Tuesday,53,24,58,55,18,21
12494,Ultra Lotto 6/58,2019-07-14,63694691.6,0,Sunday,20,18,54,47,39,42
12511,Ultra Lotto 6/58,2019-07-12,60915031.8,0,Friday,19,16,20,27,3,32
12538,Ultra Lotto 6/58,2019-07-09,58449488.4,0,Tuesday,9,29,53,47,19,27
12564,Ultra Lotto 6/58,2019-07-07,56052581.8,0,Sunday,7,11,4,51,10,53
12582,Ultra Lotto 6/58,2019-07-05,53190707.4,0,Friday,40,14,12,52,16,18
12610,Ultra Lotto 6/58,2019-07-02,50840684.0,0,Tuesday,57,38,19,35,23,4
12627,Ultra Lotto 6/58,2019-06-30,49500000.0,0,Sunday,6,23,15,55,21,16
12645,Ultra Lotto 6/58,2019-06-28,49500000.0,0,Friday,10,4,52,18,37,16
12673,Ultra Lotto 6/58,2019-06-25,49500000.0,0,Tuesday,36,49,27,55,32,33
12690,Ultra Lotto 6/58,2019-06-23,49500000.0,0,Sunday,43,36,7,24,41,55
12708,Ultra Lotto 6/58,2019-06-21,49500000.0,0,Friday,56,52,43,6,53,25
12736,Ultra Lotto 6/58,2019-06-18,49500000.0,0,Tuesday,18,5,43,11,58,44
12753,Ultra Lotto 6/58,2019-06-16,49500000.0,0,Sunday,58,33,46,24,25,37
12771,Ultra Lotto 6/58,2019-06-14,49500000.0,0,Friday,4,27,57,46,13,7
12799,Ultra Lotto 6/58,2019-06-11,49500000.0,0,Tuesday,53,40,48,21,13,57
12816,Ultra Lotto 6/58,2019-06-09,49500000.0,0,Sunday,23,45,34,52,16,31
12834,Ultra Lotto 6/58,2019-06-07,49500000.0,0,Friday,35,24,32,2,56,30
12862,Ultra Lotto 6/58,2019-06-04,49500000.0,0,Tuesday,50,3,54,7,26,29
12879,Ultra Lotto 6/58,2019-06-02,49500000.0,0,Sunday,54,5,13,56,28,37
12897,Ultra Lotto 6/58,2019-05-31,49500000.0,0,Friday,33,4,38,35,56,47
12925,Ultra Lotto 6/58,2019-05-28,49500000.0,0,Tuesday,18,16,45,27,17,44
12942,Ultra Lotto 6/58,2019-05-26,49500000.0,0,Sunday,46,28,4,5,45,9
12960,Ultra Lotto 6/58,2019-05-24,49500000.0,0,Friday,34,18,17,57,4,20
12988,Ultra Lotto 6/58,2019-05-21,49500000.0,0,Tuesday,19,9,35,24,20,7
13005,Ultra Lotto 6/58,2019-05-19,49500000.0,0,Sunday,57,48,41,20,53,55
13023,Ultra Lotto 6/58,2019-05-17,49500000.0,0,Friday,21,19,36,9,20,7
13051,Ultra Lotto 6/58,2019-05-14,49500000.0,0,Tuesday,42,13,37,22,34,45
13068,Ultra Lotto 6/58,2019-05-12,72169131.4,1,Sunday,6,17,4,26,8,15
13086,Ultra Lotto 6/58,2019-05-10,69989908.0,0,Friday,9,49,18,50,27,6
13114,Ultra Lotto 6/58,2019-05-07,67104702.2,0,Tuesday,22,46,26,36,30,10
13131,Ultra Lotto 6/58,2019-05-05,65348933.6,0,Sunday,16,21,47,14,46,44
13149,Ultra Lotto 6/58,2019-05-03,63221964.6,0,Friday,32,40,54,22,5,34
13177,Ultra Lotto 6/58,2019-04-30,60410489.2,0,Tuesday,22,6,10,49,33,11
13194,Ultra Lotto 6/58,2019-04-28,58720769.8,0,Sunday,12,7,33,8,14,50
13212,Ultra Lotto 6/58,2019-04-26,56662363.8,0,Friday,30,17,11,53,51,48
13240,Ultra Lotto 6/58,2019-04-23,54219732.4,0,Tuesday,29,43,35,28,24,45
13268,Ultra Lotto 6/58,2019-04-16,52455936.6,0,Tuesday,36,25,26,17,30,13
13285,Ultra Lotto 6/58,2019-04-14,50739920.4,0,Sunday,18,13,28,23,19,14
13303,Ultra Lotto 6/58,2019-04-12,49500000.0,0,Friday,44,10,40,4,19,26
13331,Ultra Lotto 6/58,2019-04-09,49500000.0,0,Tuesday,23,39,51,19,10,40
13348,Ultra Lotto 6/58,2019-04-07,49500000.0,0,Sunday,13,1,24,12,23,45
13366,Ultra Lotto 6/58,2019-04-05,49500000.0,0,Friday,6,49,51,29,41,10
13394,Ultra Lotto 6/58,2019-04-02,49500000.0,0,Tuesday,17,34,38,33,26,9
13411,Ultra Lotto 6/58,2019-03-31,49500000.0,0,Sunday,13,17,35,38,18,43
13429,Ultra Lotto 6/58,2019-03-29,49500000.0,0,Friday,2,48,28,37,20,39
13457,Ultra Lotto 6/58,2019-03-26,49500000.0,0,Tuesday,9,51,55,53,32,54
13474,Ultra Lotto 6/58,2019-03-24,49500000.0,0,Sunday,20,41,16,7,5,45
13492,Ultra Lotto 6/58,2019-03-22,49500000.0,0,Friday,23,45,13,56,39,57
13520,Ultra Lotto 6/58,2019-03-19,49500000.0,0,Tuesday,18,4,47,39,16,22
13537,Ultra Lotto 6/58,2019-03-17,49500000.0,0,Sunday,38,31,30,15,5,13
13555,Ultra Lotto 6/58,2019-03-15,49500000.0,0,Friday,24,47,5,2,16,1
13583,Ultra Lotto 6/58,2019-03-12,49500000.0,0,Tuesday,3,27,37,35,30,8
13600,Ultra Lotto 6/58,2019-03-10,49500000.0,0,Sunday,24,52,25,15,41,8
13618,Ultra Lotto 6/58,2019-03-08,49500000.0,0,Friday,25,45,3,30,24,48
13646,Ultra Lotto 6/58,2019-03-05,49500000.0,0,Tuesday,56,13,25,46,11,39
13663,Ultra Lotto 6/58,2019-03-03,49500000.0,0,Sunday,11,46,12,20,36,22
13681,Ultra Lotto 6/58,2019-03-01,49500000.0,0,Friday,41,42,54,3,8,25
13709,Ultra Lotto 6/58,2019-02-26,49500000.0,0,Tuesday,42,10,21,25,4,8
13726,Ultra Lotto 6/58,2019-02-24,49500000.0,1,Sunday,16,6,7,9,5,45
13744,Ultra Lotto 6/58,2019-02-22,49500000.0,0,Friday,20,51,6,10,11,16
13772,Ultra Lotto 6/58,2019-02-19,49500000.0,0,Tuesday,55,31,42,33,11,47
13789,Ultra Lotto 6/58,2019-02-17,49500000.0,0,Sunday,31,33,5,10,32,43
13807,Ultra Lotto 6/58,2019-02-15,49500000.0,0,Friday,48,56,12,10,55,42
13835,Ultra Lotto 6/58,2019-02-12,49500000.0,0,Tuesday,25,53,45,8,29,26
13852,Ultra Lotto 6/58,2019-02-10,49500000.0,0,Sunday,12,52,45,25,3,28
13870,Ultra Lotto 6/58,2019-02-08,49500000.0,0,Friday,21,28,57,39,19,20
13898,Ultra Lotto 6/58,2019-02-05,49500000.0,0,Tuesday,43,19,33,11,13,48
13915,Ultra Lotto 6/58,2019-02-03,49500000.0,0,Sunday,15,10,57,27,9,28
13933,Ultra Lotto 6/58,2019-02-01,49500000.0,0,Friday,28,40,25,54,52,36
13961,Ultra Lotto 6/58,2019-01-29,49500000.0,0,Tuesday,22,30,23,52,14,38
13978,Ultra Lotto 6/58,2019-01-27,49500000.0,0,Sunday,44,53,39,43,38,7
13996,Ultra Lotto 6/58,2019-01-25,49500000.0,0,Friday,27,15,34,20,22,18
14024,Ultra Lotto 6/58,2019-01-22,49500000.0,0,Tuesday,24,21,15,56,7,37
14041,Ultra Lotto 6/58,2019-01-20,49500000.0,0,Sunday,42,6,39,45,5,11
14059,Ultra Lotto 6/58,2019-01-18,49500000.0,1,Friday,29,12,39,42,34,8
14087,Ultra Lotto 6/58,2019-01-15,49500000.0,0,Tuesday,18,21,54,3,23,47
14104,Ultra Lotto 6/58,2019-01-13,58472458.0,1,Sunday,43,55,15,2,29,56
14122,Ultra Lotto 6/58,2019-01-11,55805699.0,0,Friday,7,21,23,39,25,18
14150,Ultra Lotto 6/58,2019-01-08,53162339.0,0,Tuesday,45,50,30,35,49,52
14167,Ultra Lotto 6/58,2019-01-06,51083577.0,0,Sunday,52,45,24,5,14,44
14185,Ultra Lotto 6/58,2019-01-04,49500000.0,0,Friday,37,22,5,32,13,17
14220,Ultra Lotto 6/58,2018-12-30,49500000.0,0,Sunday,1,9,50,56,51,28
14238,Ultra Lotto 6/58,2018-12-28,49500000.0,0,Friday,3,37,51,14,46,6
14273,Ultra Lotto 6/58,2018-12-23,49500000.0,0,Sunday,35,25,48,24,38,39
14291,Ultra Lotto 6/58,2018-12-21,49500000.0,0,Friday,32,9,29,26,20,56
14319,Ultra Lotto 6/58,2018-12-18,49500000.0,0,Tuesday,36,35,47,38,13,6
14336,Ultra Lotto 6/58,2018-12-16,49500000.0,0,Sunday,52,45,18,1,49,36
14354,Ultra Lotto 6/58,2018-12-14,49500000.0,0,Friday,25,56,42,26,31,49
14382,Ultra Lotto 6/58,2018-12-11,49500000.0,0,Tuesday,17,13,38,4,24,39
14399,Ultra Lotto 6/58,2018-12-09,49500000.0,0,Sunday,51,21,12,36,55,30
14417,Ultra Lotto 6/58,2018-12-07,49500000.0,0,Friday,17,37,11,8,52,48
14445,Ultra Lotto 6/58,2018-12-04,49500000.0,0,Tuesday,7,1,25,13,11,38
14462,Ultra Lotto 6/58,2018-12-02,49500000.0,0,Sunday,31,14,37,53,7,36
14480,Ultra Lotto 6/58,2018-11-30,49500000.0,0,Friday,50,14,21,22,20,24
14508,Ultra Lotto 6/58,2018-11-27,49500000.0,0,Tuesday,10,6,56,15,25,34
14525,Ultra Lotto 6/58,2018-11-25,49500000.0,0,Sunday,30,39,48,11,13,26
14543,Ultra Lotto 6/58,2018-11-23,49500000.0,0,Friday,36,25,6,18,54,26
14571,Ultra Lotto 6/58,2018-11-20,49500000.0,0,Tuesday,21,44,28,55,16,29
14588,Ultra Lotto 6/58,2018-11-18,49500000.0,0,Sunday,37,39,5,35,41,12
14606,Ultra Lotto 6/58,2018-11-16,49500000.0,1,Friday,13,12,1,41,21,45
14634,Ultra Lotto 6/58,2018-11-13,49500000.0,0,Tuesday,23,14,18,16,30,37
14651,Ultra Lotto 6/58,2018-11-11,49500000.0,0,Sunday,51,46,24,55,17,27
14669,Ultra Lotto 6/58,2018-11-09,49500000.0,0,Friday,36,56,49,34,42,45
14697,Ultra Lotto 6/58,2018-11-06,49500000.0,0,Tuesday,43,58,21,54,23,22
14714,Ultra Lotto 6/58,2018-11-04,49500000.0,0,Sunday,35,42,6,53,3,17
14732,Ultra Lotto 6/58,2018-11-02,49500000.0,0,Friday,27,5,54,25,44,16
14760,Ultra Lotto 6/58,2018-10-30,49500000.0,0,Tuesday,22,6,48,10,49,11
14777,Ultra Lotto 6/58,2018-10-28,49500000.0,0,Sunday,8,34,45,20,36,16
14795,Ultra Lotto 6/58,2018-10-26,49500000.0,0,Friday,38,15,4,3,41,50
14823,Ultra Lotto 6/58,2018-10-23,49500000.0,0,Tuesday,7,26,43,8,53,6
14840,Ultra Lotto 6/58,2018-10-21,49500000.0,0,Sunday,14,16,52,53,20,11
14858,Ultra Lotto 6/58,2018-10-19,49500000.0,0,Friday,3,25,22,55,33,41
14886,Ultra Lotto 6/58,2018-10-16,49500000.0,0,Tuesday,33,23,7,46,22,20
14903,Ultra Lotto 6/58,2018-10-14,1180622508.0,2,Sunday,40,50,37,25,1,45
14921,Ultra Lotto 6/58,2018-10-12,1112647388.0,0,Friday,28,14,54,50,17,27
14949,Ultra Lotto 6/58,2018-10-09,1026264340.0,0,Tuesday,12,16,46,3,38,36
14966,Ultra Lotto 6/58,2018-10-07,954503164.0,0,Sunday,45,21,2,30,7,10
14984,Ultra Lotto 6/58,2018-10-05,903290152.0,0,Friday,1,30,27,36,49,12
15012,Ultra Lotto 6/58,2018-10-02,849578320.0,0,Tuesday,30,41,53,4,2,54
15029,Ultra Lotto 6/58,2018-09-30,809365820.0,0,Sunday,34,30,32,20,3,23
15047,Ultra Lotto 6/58,2018-09-28,774030800.0,0,Friday,46,25,55,26,50,57
15075,Ultra Lotto 6/58,2018-09-25,734038468.0,0,Tuesday,50,21,51,19,53,48
15092,Ultra Lotto 6/58,2018-09-23,704720320.0,0,Sunday,58,8,34,29,35,38
15110,Ultra Lotto 6/58,2018-09-21,679409304.0,0,Friday,6,47,41,55,28,10
15138,Ultra Lotto 6/58,2018-09-18,650886268.0,0,Tuesday,4,35,50,8,47,44
15155,Ultra Lotto 6/58,2018-09-16,625503012.0,0,Sunday,34,15,39,53,36,43
15173,Ultra Lotto 6/58,2018-09-14,601502936.0,0,Friday,52,32,55,17,7,40
15201,Ultra Lotto 6/58,2018-09-11,574579336.0,0,Tuesday,33,30,3,43,18,19
15218,Ultra Lotto 6/58,2018-09-09,551720748.0,0,Sunday,24,35,56,38,28,42
15236,Ultra Lotto 6/58,2018-09-07,528487576.0,0,Friday,17,6,55,54,20,27
15264,Ultra Lotto 6/58,2018-09-04,503330392.0,0,Tuesday,7,8,41,25,13,30
15281,Ultra Lotto 6/58,2018-09-02,485363060.0,0,Sunday,41,51,28,30,54,24
15299,Ultra Lotto 6/58,2018-08-31,467068348.0,0,Friday,3,30,38,19,54,7
15327,Ultra Lotto 6/58,2018-08-28,446795172.0,0,Tuesday,28,29,8,40,33,4
15344,Ultra Lotto 6/58,2018-08-26,432811540.0,0,Sunday,43,54,39,14,46,36
15362,Ultra Lotto 6/58,2018-08-24,420202552.0,0,Friday,4,27,49,16,47,41
15390,Ultra Lotto 6/58,2018-08-21,406162932.0,0,Tuesday,53,10,52,19,8,58
15407,Ultra Lotto 6/58,2018-08-19,395659120.0,0,Sunday,16,17,15,5,23,54
15425,Ultra Lotto 6/58,2018-08-17,385209020.0,0,Friday,43,19,36,17,7,44
15453,Ultra Lotto 6/58,2018-08-14,373545444.0,0,Tuesday,16,43,31,44,18,37
15470,Ultra Lotto 6/58,2018-08-12,363917684.0,0,Sunday,1,13,42,24,53,56
15488,Ultra Lotto 6/58,2018-08-10,354665384.0,0,Friday,38,35,37,15,56,45
15516,Ultra Lotto 6/58,2018-08-07,343538300.0,0,Tuesday,31,7,34,14,39,50
15533,Ultra Lotto 6/58,2018-08-05,334328944.0,0,Sunday,47,16,29,51,18,54
15551,Ultra Lotto 6/58,2018-08-03,324670212.0,0,Friday,53,26,15,45,46,3
15579,Ultra Lotto 6/58,2018-07-31,314131888.0,0,Tuesday,14,3,51,32,21,48
15596,Ultra Lotto 6/58,2018-07-29,306110404.0,0,Sunday,39,9,56,26,29,34
15614,Ultra Lotto 6/58,2018-07-27,298136492.0,0,Friday,43,24,6,25,28,40
15642,Ultra Lotto 6/58,2018-07-24,289617284.0,0,Tuesday,51,37,40,7,29,5
15659,Ultra Lotto 6/58,2018-07-22,282442304.0,0,Sunday,45,50,34,2,43,11
15677,Ultra Lotto 6/58,2018-07-20,274982724.0,0,Friday,24,6,55,3,28,27
15705,Ultra Lotto 6/58,2018-07-17,266418692.0,0,Tuesday,22,3,57,58,54,14
15722,Ultra Lotto 6/58,2018-07-15,259793448.0,0,Sunday,55,29,31,57,14,20
15740,Ultra Lotto 6/58,2018-07-13,252096984.0,0,Friday,2,51,32,47,17,24
15768,Ultra Lotto 6/58,2018-07-10,243951112.0,0,Tuesday,47,15,48,3,35,56
15785,Ultra Lotto 6/58,2018-07-08,236748668.0,0,Sunday,35,17,28,33,22,25
15803,Ultra Lotto 6/58,2018-07-06,229442300.0,0,Friday,56,26,4,51,49,18
15831,Ultra Lotto 6/58,2018-07-03,221446600.0,0,Tuesday,7,57,50,1,10,2
15848,Ultra Lotto 6/58,2018-07-01,214636668.0,0,Sunday,31,24,45,19,34,52
15866,Ultra Lotto 6/58,2018-06-29,207237172.0,0,Friday,1,19,13,29,51,4
15894,Ultra Lotto 6/58,2018-06-26,199715276.0,0,Tuesday,55,34,16,31,40,23
15911,Ultra Lotto 6/58,2018-06-24,193938284.0,0,Sunday,17,24,10,58,25,11
15929,Ultra Lotto 6/58,2018-06-22,187796520.0,0,Friday,3,22,52,50,47,44
15957,Ultra Lotto 6/58,2018-06-19,181477292.0,0,Tuesday,49,57,52,28,3,6
15974,Ultra Lotto 6/58,2018-06-17,176027440.0,0,Sunday,46,1,5,11,7,21
15992,Ultra Lotto 6/58,2018-06-15,170217528.0,0,Friday,7,56,37,17,49,11
16020,Ultra Lotto 6/58,2018-06-12,164144492.0,0,Tuesday,48,18,57,9,28,53
16037,Ultra Lotto 6/58,2018-06-10,159440596.0,0,Sunday,54,22,17,8,48,5
16055,Ultra Lotto 6/58,2018-06-08,154272556.0,0,Friday,49,31,39,5,41,43
16083,Ultra Lotto 6/58,2018-06-05,148609676.0,0,Tuesday,44,35,39,34,3,50
16100,Ultra Lotto 6/58,2018-06-03,143924112.0,0,Sunday,1,53,27,11,43,18
16118,Ultra Lotto 6/58,2018-06-01,138783220.0,0,Friday,26,8,43,22,27,12
16146,Ultra Lotto 6/58,2018-05-29,133174580.0,0,Tuesday,25,49,10,37,26,6
16163,Ultra Lotto 6/58,2018-05-27,128900984.0,0,Sunday,34,45,14,40,1,13
16181,Ultra Lotto 6/58,2018-05-25,124321564.0,0,Friday,34,14,19,22,10,43
16209,Ultra Lotto 6/58,2018-05-22,119378952.0,0,Tuesday,32,57,1,49,9,19
16226,Ultra Lotto 6/58,2018-05-20,115266992.0,0,Sunday,9,23,7,37,32,40
16244,Ultra Lotto 6/58,2018-05-18,111122872.0,0,Friday,25,26,36,3,33,56
16272,Ultra Lotto 6/58,2018-05-15,106590252.0,0,Tuesday,32,15,23,10,18,22
16289,Ultra Lotto 6/58,2018-05-13,103138604.0,0,Sunday,46,11,21,24,19,57
16307,Ultra Lotto 6/58,2018-05-11,99542140.0,0,Friday,51,31,22,19,2,32
16335,Ultra Lotto 6/58,2018-05-08,95877129.0,0,Tuesday,19,27,7,46,18,53
16352,Ultra Lotto 6/58,2018-05-06,93059561.0,0,Sunday,7,34,51,6,10,21
16370,Ultra Lotto 6/58,2018-05-04,89830023.0,0,Friday,11,15,56,38,53,45
16398,Ultra Lotto 6/58,2018-05-01,86323181.0,0,Tuesday,48,28,51,15,39,42
16415,Ultra Lotto 6/58,2018-04-29,83695951.0,0,Sunday,58,15,37,46,1,44
16433,Ultra Lotto 6/58,2018-04-27,80558154.0,0,Friday,11,3,30,37,38,41
16461,Ultra Lotto 6/58,2018-04-24,77114934.0,0,Tuesday,4,54,51,55,30,6
16478,Ultra Lotto 6/58,2018-04-22,74480381.0,0,Sunday,24,18,37,11,2,51
16496,Ultra Lotto 6/58,2018-04-20,71388699.0,0,Friday,53,4,45,30,12,29
16524,Ultra Lotto 6/58,2018-04-17,67994400.0,0,Tuesday,15,18,27,40,37,42
16541,Ultra Lotto 6/58,2018-04-15,65380254.0,0,Sunday,24,37,15,53,5,49
16559,Ultra Lotto 6/58,2018-04-13,62306981.0,0,Friday,47,20,8,15,34,50
16587,Ultra Lotto 6/58,2018-04-10,58876540.0,0,Tuesday,31,15,30,13,53,4
16604,Ultra Lotto 6/58,2018-04-08,56344330.0,0,Sunday,14,25,35,31,48,8
16622,Ultra Lotto 6/58,2018-04-06,53421169.0,0,Friday,18,48,36,7,20,16
16650,Ultra Lotto 6/58,2018-04-03,50297077.0,0,Tuesday,14,46,17,5,6,26
16678,Ultra Lotto 6/58,2018-03-27,49500000.0,0,Tuesday,21,38,24,16,22,50
16695,Ultra Lotto 6/58,2018-03-25,49500000.0,0,Sunday,49,25,1,22,34,8
16713,Ultra Lotto 6/58,2018-03-23,49500000.0,0,Friday,16,54,41,6,29,46
16741,Ultra Lotto 6/58,2018-03-20,49500000.0,0,Tuesday,31,18,6,48,15,58
16758,Ultra Lotto 6/58,2018-03-18,49500000.0,0,Sunday,15,39,38,13,34,51
16776,Ultra Lotto 6/58,2018-03-16,49500000.0,0,Friday,42,55,46,30,2,58
16804,Ultra Lotto 6/58,2018-03-13,49500000.0,0,Tuesday,49,9,30,50,33,4
16821,Ultra Lotto 6/58,2018-03-11,49500000.0,0,Sunday,13,11,16,40,55,25
16839,Ultra Lotto 6/58,2018-03-09,49500000.0,0,Friday,44,6,1,53,45,27
16867,Ultra Lotto 6/58,2018-03-06,49500000.0,0,Tuesday,57,56,17,36,18,7
16884,Ultra Lotto 6/58,2018-03-04,49500000.0,0,Sunday,58,26,11,51,43,39
16902,Ultra Lotto 6/58,2018-03-02,49500000.0,0,Friday,28,39,46,22,25,26
16930,Ultra Lotto 6/58,2018-02-27,49500000.0,0,Tuesday,19,17,23,6,54,27
16947,Ultra Lotto 6/58,2018-02-25,49500000.0,0,Sunday,53,30,47,54,2,35
16965,Ultra Lotto 6/58,2018-02-23,49500000.0,0,Friday,17,1,8,24,39,7
16993,Ultra Lotto 6/58,2018-02-20,49500000.0,0,Tuesday,32,18,33,8,1,29
17010,Ultra Lotto 6/58,2018-02-18,49500000.0,0,Sunday,5,20,43,25,48,35
17028,Ultra Lotto 6/58,2018-02-16,331971464.0,2,Friday,15,31,28,25,42,11
17056,Ultra Lotto 6/58,2018-02-13,320056960.0,0,Tuesday,33,5,38,51,52,10
17073,Ultra Lotto 6/58,2018-02-11,310632972.0,0,Sunday,28,49,46,32,29,54
17091,Ultra Lotto 6/58,2018-02-09,300925144.0,0,Friday,46,7,17,1,41,34
17119,Ultra Lotto 6/58,2018-02-06,290871392.0,0,Tuesday,57,53,39,50,35,18
17136,Ultra Lotto 6/58,2018-02-04,282395352.0,0,Sunday,48,57,13,51,2,15
17154,Ultra Lotto 6/58,2018-02-02,274007004.0,0,Friday,56,34,53,1,28,46
17182,Ultra Lotto 6/58,2018-01-30,264810720.0,0,Tuesday,7,10,13,15,3,55
17199,Ultra Lotto 6/58,2018-01-28,257261016.0,0,Sunday,9,49,47,43,16,42
17217,Ultra Lotto 6/58,2018-01-26,249644180.0,0,Friday,7,57,51,8,53,16
17245,Ultra Lotto 6/58,2018-01-23,241347228.0,0,Tuesday,19,17,13,53,56,15
17262,Ultra Lotto 6/58,2018-01-21,234720908.0,0,Sunday,12,40,21,44,57,28
17280,Ultra Lotto 6/58,2018-01-19,227832524.0,0,Friday,50,32,15,53,29,52
17308,Ultra Lotto 6/58,2018-01-16,219845372.0,0,Tuesday,1,41,31,13,29,24
17325,Ultra Lotto 6/58,2018-01-14,213639956.0,0,Sunday,15,53,55,12,34,14
17343,Ultra Lotto 6/58,2018-01-12,207009728.0,0,Friday,24,10,18,40,33,1
17371,Ultra Lotto 6/58,2018-01-09,199439260.0,0,Tuesday,39,12,31,16,29,17
17388,Ultra Lotto 6/58,2018-01-07,193694784.0,0,Sunday,56,45,39,35,42,14
17406,Ultra Lotto 6/58,2018-01-05,187556992.0,0,Friday,21,57,26,29,16,4
17434,Ultra Lotto 6/58,2018-01-02,180473296.0,0,Tuesday,33,39,10,26,7,32
17442,Ultra Lotto 6/58,2017-12-31,175912360.0,0,Sunday,43,6,14,24,15,25
17460,Ultra Lotto 6/58,2017-12-29,171894552.0,0,Friday,15,57,1,12,24,9
17488,Ultra Lotto 6/58,2017-12-26,165205844.0,0,Tuesday,22,41,9,44,35,46
17496,Ultra Lotto 6/58,2017-12-24,160850876.0,0,Sunday,57,37,35,5,49,36
17514,Ultra Lotto 6/58,2017-12-22,157641372.0,0,Friday,51,22,32,43,19,2
17542,Ultra Lotto 6/58,2017-12-19,151515956.0,0,Tuesday,13,50,8,45,7,16
17559,Ultra Lotto 6/58,2017-12-17,146793404.0,0,Sunday,22,35,45,40,37,26
17577,Ultra Lotto 6/58,2017-12-15,141572552.0,0,Friday,51,39,38,43,25,2
17605,Ultra Lotto 6/58,2017-12-12,136296836.0,0,Tuesday,26,49,22,3,41,44
17622,Ultra Lotto 6/58,2017-12-10,131543388.0,0,Sunday,45,53,22,24,47,5
17640,Ultra Lotto 6/58,2017-12-08,126633300.0,0,Friday,13,51,28,5,44,4
17668,Ultra Lotto 6/58,2017-12-05,121795296.0,0,Tuesday,39,57,1,20,40,22
17685,Ultra Lotto 6/58,2017-12-03,117578112.0,0,Sunday,15,40,43,14,47,23
17703,Ultra Lotto 6/58,2017-12-01,113013024.0,0,Friday,3,52,30,17,8,1
17731,Ultra Lotto 6/58,2017-11-28,108398216.0,0,Tuesday,12,42,9,52,55,6
17748,Ultra Lotto 6/58,2017-11-26,104836868.0,0,Sunday,10,52,30,41,12,6
17766,Ultra Lotto 6/58,2017-11-24,100801652.0,0,Friday,45,8,33,12,17,58
17794,Ultra Lotto 6/58,2017-11-21,96845032.0,0,Tuesday,22,58,54,51,10,27
17811,Ultra Lotto 6/58,2017-11-19,93635004.0,0,Sunday,14,51,49,27,24,22
17829,Ultra Lotto 6/58,2017-11-17,90031527.0,0,Friday,17,12,51,26,21,8
17857,Ultra Lotto 6/58,2017-11-14,86106664.0,0,Tuesday,11,18,23,10,41,34
17874,Ultra Lotto 6/58,2017-11-12,83125200.0,0,Sunday,12,44,14,18,31,16
17892,Ultra Lotto 6/58,2017-11-10,79533318.0,0,Friday,35,47,43,40,10,14
17920,Ultra Lotto 6/58,2017-11-07,75927563.0,0,Tuesday,57,4,2,38,21,44
17937,Ultra Lotto 6/58,2017-11-05,73123832.0,0,Sunday,55,48,54,51,45,50
17955,Ultra Lotto 6/58,2017-11-03,69801348.0,0,Friday,46,25,58,44,41,19
17983,Ultra Lotto 6/58,2017-10-31,66296107.0,0,Tuesday,19,54,28,6,32,26
18000,Ultra Lotto 6/58,2017-10-29,63897792.0,0,Sunday,4,21,12,47,9,42
18018,Ultra Lotto 6/58,2017-10-27,60873267.0,0,Friday,23,46,54,29,24,7
18046,Ultra Lotto 6/58,2017-10-24,57644065.0,0,Tuesday,8,34,2,38,30,57
18063,Ultra Lotto 6/58,2017-10-22,55309079.0,0,Sunday,11,10,3,29,2,25
18081,Ultra Lotto 6/58,2017-10-20,52510527.0,0,Friday,26,43,24,35,14,57
18109,Ultra Lotto 6/58,2017-10-17,49655263.0,0,Tuesday,7,41,34,12,10,36
18126,Ultra Lotto 6/58,2017-10-15,49500000.0,0,Sunday,14,2,4,57,5,17
18144,Ultra Lotto 6/58,2017-10-13,50000000.0,0,Friday,54,37,53,29,41,50
18172,Ultra Lotto 6/58,2017-10-10,50000000.0,0,Tuesday,56,11,14,46,58,47
18189,Ultra Lotto 6/58,2017-10-08,50000000.0,0,Sunday,7,37,24,8,32,22
18207,Ultra Lotto 6/58,2017-10-06,50000000.0,0,Friday,42,32,27,10,15,3
18235,Ultra Lotto 6/58,2017-10-03,50000000.0,0,Tuesday,36,37,17,54,22,25
18252,Ultra Lotto 6/58,2017-10-01,50000000.0,0,Sunday,40,57,2,41,47,27
18270,Ultra Lotto 6/58,2017-09-29,50000000.0,0,Friday,54,13,6,23,1,15
18298,Ultra Lotto 6/58,2017-09-26,50000000.0,0,Tuesday,1,15,26,55,21,11
18315,Ultra Lotto 6/58,2017-09-24,50000000.0,0,Sunday,17,54,29,13,8,10
18333,Ultra Lotto 6/58,2017-09-22,50000000.0,0,Friday,23,33,2,47,40,6
18361,Ultra Lotto 6/58,2017-09-19,50000000.0,0,Tuesday,57,6,47,36,52,56
18378,Ultra Lotto 6/58,2017-09-17,50000000.0,0,Sunday,10,17,3,35,50,44
18396,Ultra Lotto 6/58,2017-09-15,50000000.0,0,Friday,2,27,24,4,50,46
18424,Ultra Lotto 6/58,2017-09-12,50000000.0,0,Tuesday,52,17,58,9,19,10
18441,Ultra Lotto 6/58,2017-09-10,50000000.0,0,Sunday,34,37,39,26,23,10
18459,Ultra Lotto 6/58,2017-09-08,50000000.0,0,Friday,31,3,52,34,22,15
18487,Ultra Lotto 6/58,2017-09-05,256832816.0,2,Tuesday,3,27,17,12,20,6
18504,Ultra Lotto 6/58,2017-09-03,251105692.0,0,Sunday,30,16,4,17,41,1
18522,Ultra Lotto 6/58,2017-09-01,244609324.0,0,Friday,32,6,35,50,30,14
18550,Ultra Lotto 6/58,2017-08-29,237285788.0,0,Tuesday,19,6,26,43,33,40
18567,Ultra Lotto 6/58,2017-08-27,231912740.0,0,Sunday,40,8,49,11,2,29
18585,Ultra Lotto 6/58,2017-08-25,226005508.0,0,Friday,35,6,1,41,40,42
18613,Ultra Lotto 6/58,2017-08-22,219430016.0,0,Tuesday,50,16,22,14,9,47
18630,Ultra Lotto 6/58,2017-08-20,214475560.0,0,Sunday,21,5,55,51,30,34
18648,Ultra Lotto 6/58,2017-08-18,208845872.0,0,Friday,48,44,50,56,8,7
18676,Ultra Lotto 6/58,2017-08-15,202500112.0,0,Tuesday,7,54,14,10,4,49
18693,Ultra Lotto 6/58,2017-08-13,197729664.0,0,Sunday,3,47,30,35,16,8
18711,Ultra Lotto 6/58,2017-08-11,192590568.0,0,Friday,16,31,44,2,51,13
18739,Ultra Lotto 6/58,2017-08-08,186845400.0,0,Tuesday,7,19,14,24,8,18
18756,Ultra Lotto 6/58,2017-08-06,182510372.0,0,Sunday,54,8,45,7,23,19
18774,Ultra Lotto 6/58,2017-08-04,177685184.0,0,Friday,36,50,26,58,25,16
18802,Ultra Lotto 6/58,2017-08-01,172288792.0,0,Tuesday,53,14,23,2,58,20
18819,Ultra Lotto 6/58,2017-07-30,168312456.0,0,Sunday,20,55,47,52,12,57
18837,Ultra Lotto 6/58,2017-07-28,163744040.0,0,Friday,44,29,15,50,39,54
18865,Ultra Lotto 6/58,2017-07-25,158719248.0,0,Tuesday,4,56,35,38,57,49
18882,Ultra Lotto 6/58,2017-07-23,154846068.0,0,Sunday,52,8,27,14,19,53
18900,Ultra Lotto 6/58,2017-07-21,150409996.0,0,Friday,7,14,36,8,42,27
18928,Ultra Lotto 6/58,2017-07-18,145231512.0,0,Tuesday,45,46,25,39,1,42
18945,Ultra Lotto 6/58,2017-07-16,141512652.0,0,Sunday,54,51,43,38,9,56
18963,Ultra Lotto 6/58,2017-07-14,137135100.0,0,Friday,14,36,8,34,50,53
18991,Ultra Lotto 6/58,2017-07-11,132364656.0,0,Tuesday,52,29,28,5,33,41
19008,Ultra Lotto 6/58,2017-07-09,128788612.0,0,Sunday,45,21,16,20,38,29
19026,Ultra Lotto 6/58,2017-07-07,124588276.0,0,Friday,15,38,22,52,56,2
19054,Ultra Lotto 6/58,2017-07-04,119926976.0,0,Tuesday,51,53,16,32,41,40
19071,Ultra Lotto 6/58,2017-07-02,116420776.0,0,Sunday,58,29,26,14,52,51
19089,Ultra Lotto 6/58,2017-06-30,112416016.0,0,Friday,3,42,38,33,30,47
19117,Ultra Lotto 6/58,2017-06-27,107714940.0,0,Tuesday,46,57,38,34,43,10
19134,Ultra Lotto 6/58,2017-06-25,104429576.0,0,Sunday,51,28,36,1,40,56
19152,Ultra Lotto 6/58,2017-06-23,100699088.0,0,Friday,36,32,25,51,43,31
19180,Ultra Lotto 6/58,2017-06-20,96489388.0,0,Tuesday,22,24,23,54,46,43
19197,Ultra Lotto 6/58,2017-06-18,93577516.0,0,Sunday,39,34,28,45,20,50
19215,Ultra Lotto 6/58,2017-06-16,90029392.0,0,Friday,31,50,6,12,16,40
19243,Ultra Lotto 6/58,2017-06-13,85983280.0,0,Tuesday,8,52,20,19,48,36
19260,Ultra Lotto 6/58,2017-06-11,83179928.0,0,Sunday,23,3,14,56,58,4
19278,Ultra Lotto 6/58,2017-06-09,79892232.0,0,Friday,16,6,23,36,20,56
19306,Ultra Lotto 6/58,2017-06-06,76884280.0,0,Tuesday,9,4,8,23,29,16
19323,Ultra Lotto 6/58,2017-06-04,74359852.0,0,Sunday,29,28,10,36,33,3
19341,Ultra Lotto 6/58,2017-06-02,71188576.0,0,Friday,47,32,53,2,45,11
19369,Ultra Lotto 6/58,2017-05-30,68118984.0,0,Tuesday,3,21,54,15,20,12
19386,Ultra Lotto 6/58,2017-05-28,65813936.0,0,Sunday,36,17,39,35,40,11
19404,Ultra Lotto 6/58,2017-05-26,62694664.0,0,Friday,58,47,43,22,44,12
19432,Ultra Lotto 6/58,2017-05-23,59789192.0,0,Tuesday,22,33,21,57,14,41
19449,Ultra Lotto 6/58,2017-05-21,57381244.0,0,Sunday,5,8,45,9,46,36
19467,Ultra Lotto 6/58,2017-05-19,54323568.0,0,Friday,30,11,50,54,28,15
19495,Ultra Lotto 6/58,2017-05-16,51329860.0,0,Tuesday,8,26,48,41,47,39
19512,Ultra Lotto 6/58,2017-05-14,50000000.0,0,Sunday,56,13,58,17,20,8
19530,Ultra Lotto 6/58,2017-05-12,50000000.0,0,Friday,2,16,11,49,18,3
19558,Ultra Lotto 6/58,2017-05-09,50000000.0,0,Tuesday,18,15,58,30,7,5
19575,Ultra Lotto 6/58,2017-05-07,50000000.0,0,Sunday,31,52,44,57,21,45
19593,Ultra Lotto 6/58,2017-05-05,50000000.0,0,Friday,26,33,58,56,39,37
19621,Ultra Lotto 6/58,2017-05-02,50000000.0,0,Tuesday,22,34,25,23,18,33
19638,Ultra Lotto 6/58,2017-04-30,50000000.0,0,Sunday,33,38,29,57,31,53
19656,Ultra Lotto 6/58,2017-04-28,50000000.0,0,Friday,14,44,46,56,31,16
19684,Ultra Lotto 6/58,2017-04-25,50000000.0,0,Tuesday,3,27,23,29,47,57
19701,Ultra Lotto 6/58,2017-04-23,50000000.0,0,Sunday,47,9,6,48,56,17
19719,Ultra Lotto 6/58,2017-04-21,50000000.0,0,Friday,24,23,34,2,29,32
19747,Ultra Lotto 6/58,2017-04-18,50000000.0,0,Tuesday,3,6,24,15,18,38
19775,Ultra Lotto 6/58,2017-04-11,50000000.0,0,Tuesday,51,13,6,25,15,58
19792,Ultra Lotto 6/58,2017-04-09,50000000.0,0,Sunday,57,24,45,50,25,40
19810,Ultra Lotto 6/58,2017-04-07,50000000.0,0,Friday,36,49,58,46,3,2
19838,Ultra Lotto 6/58,2017-04-04,50000000.0,0,Tuesday,23,21,30,26,44,34
19855,Ultra Lotto 6/58,2017-04-02,50000000.0,0,Sunday,22,48,57,12,33,43
19873,Ultra Lotto 6/58,2017-03-31,50000000.0,0,Friday,1,3,43,16,8,24
19901,Ultra Lotto 6/58,2017-03-28,286007372.0,3,Tuesday,10,21,23,6,27,9
19918,Ultra Lotto 6/58,2017-03-26,278292336.0,0,Sunday,39,17,44,1,12,13
19936,Ultra Lotto 6/58,2017-03-24,269964732.0,0,Friday,30,18,43,37,9,39
19964,Ultra Lotto 6/58,2017-03-21,260552992.0,0,Tuesday,24,53,10,38,4,49
19981,Ultra Lotto 6/58,2017-03-19,253374080.0,0,Sunday,51,48,4,39,9,19
19999,Ultra Lotto 6/58,2017-03-17,245373452.0,0,Friday,19,24,58,15,9,14
20027,Ultra Lotto 6/58,2017-03-14,236039676.0,0,Tuesday,6,7,19,16,36,4
20044,Ultra Lotto 6/58,2017-03-12,229801040.0,0,Sunday,16,2,10,9,54,35
20062,Ultra Lotto 6/58,2017-03-10,222461092.0,0,Friday,34,27,2,17,15,38
20090,Ultra Lotto 6/58,2017-03-07,213785808.0,0,Tuesday,28,10,50,38,36,24
20107,Ultra Lotto 6/58,2017-03-05,208548316.0,0,Sunday,21,34,58,14,57,9
20125,Ultra Lotto 6/58,2017-03-03,202094084.0,0,Friday,17,36,44,32,19,33
20153,Ultra Lotto 6/58,2017-02-28,195942668.0,0,Tuesday,11,26,20,19,56,31
20170,Ultra Lotto 6/58,2017-02-26,191732988.0,0,Sunday,11,34,46,2,27,45
20188,Ultra Lotto 6/58,2017-02-24,186053028.0,0,Friday,49,22,39,42,25,47
20216,Ultra Lotto 6/58,2017-02-21,180476548.0,0,Tuesday,35,48,29,56,17,33
20233,Ultra Lotto 6/58,2017-02-19,177204800.0,0,Sunday,9,3,40,53,27,20
20251,Ultra Lotto 6/58,2017-02-17,171602000.0,0,Friday,41,44,8,26,15,1
20279,Ultra Lotto 6/58,2017-02-14,166168836.0,0,Tuesday,3,34,6,13,7,19
20296,Ultra Lotto 6/58,2017-02-12,163993180.0,0,Sunday,32,47,18,26,57,58
20314,Ultra Lotto 6/58,2017-02-10,158496424.0,0,Friday,12,5,1,18,22,35
20358,Ultra Lotto 6/58,2017-02-05,152661032.0,0,Sunday,47,6,36,48,10,25
20376,Ultra Lotto 6/58,2017-02-03,147394816.0,0,Friday,17,30,6,13,43,31
20420,Ultra Lotto 6/58,2017-01-29,141918708.0,0,Sunday,23,47,34,14,52,57
20438,Ultra Lotto 6/58,2017-01-27,136957364.0,0,Friday,5,41,53,12,16,46
20482,Ultra Lotto 6/58,2017-01-22,131647064.0,0,Sunday,39,9,30,20,34,1
20500,Ultra Lotto 6/58,2017-01-20,127031376.0,0,Friday,40,43,39,21,52,46
20544,Ultra Lotto 6/58,2017-01-15,121745164.0,0,Sunday,22,52,43,54,4,18
20562,Ultra Lotto 6/58,2017-01-13,117257944.0,0,Friday,45,19,6,7,8,22
20606,Ultra Lotto 6/58,2017-01-08,112024060.0,0,Sunday,40,50,46,44,8,12
20624,Ultra Lotto 6/58,2017-01-06,107512772.0,0,Friday,21,17,54,47,8,2
20678,Ultra Lotto 6/58,2016-12-30,102271052.0,0,Friday,38,58,23,42,34,8
20732,Ultra Lotto 6/58,2016-12-23,97297272.0,0,Friday,40,14,34,45,20,36
20776,Ultra Lotto 6/58,2016-12-18,92744368.0,0,Sunday,8,56,7,43,13,17
20794,Ultra Lotto 6/58,2016-12-16,89365904.0,0,Friday,19,34,58,28,8,36
20838,Ultra Lotto 6/58,2016-12-11,85663640.0,0,Sunday,44,33,5,52,50,58
20856,Ultra Lotto 6/58,2016-12-09,82286924.0,0,Friday,55,23,29,22,53,41
20900,Ultra Lotto 6/58,2016-12-04,78599956.0,0,Sunday,30,2,17,42,1,3
20918,Ultra Lotto 6/58,2016-12-02,75242616.0,0,Friday,17,40,58,27,47,5
20962,Ultra Lotto 6/58,2016-11-27,71690560.0,0,Sunday,4,31,13,36,24,53
20980,Ultra Lotto 6/58,2016-11-25,68605832.0,0,Friday,46,32,10,56,27,48
21024,Ultra Lotto 6/58,2016-11-20,65464104.0,0,Sunday,58,53,26,42,54,28
21042,Ultra Lotto 6/58,2016-11-18,62442460.0,0,Friday,43,42,29,10,41,4
21086,Ultra Lotto 6/58,2016-11-13,59160064.0,0,Sunday,15,2,31,58,56,22
21104,Ultra Lotto 6/58,2016-11-11,56277080.0,0,Friday,8,51,7,32,37,17
21148,Ultra Lotto 6/58,2016-11-06,53142076.0,0,Sunday,54,48,58,42,21,15
21166,Ultra Lotto 6/58,2016-11-04,50585288.0,0,Friday,58,6,25,47,38,41
21210,Ultra Lotto 6/58,2016-10-30,50000000.0,0,Sunday,1,34,41,2,10,21
21228,Ultra Lotto 6/58,2016-10-28,50000000.0,0,Friday,46,32,2,57,15,3
21272,Ultra Lotto 6/58,2016-10-23,50000000.0,0,Sunday,26,44,4,57,21,54
21290,Ultra Lotto 6/58,2016-10-21,50000000.0,0,Friday,51,46,43,47,12,32
21334,Ultra Lotto 6/58,2016-10-16,50000000.0,0,Sunday,4,3,35,56,39,5
21352,Ultra Lotto 6/58,2016-10-14,50000000.0,0,Friday,49,31,25,52,53,33
21396,Ultra Lotto 6/58,2016-10-09,50000000.0,0,Sunday,37,16,13,44,54,25
21414,Ultra Lotto 6/58,2016-10-07,50000000.0,0,Friday,56,45,33,54,52,18
21458,Ultra Lotto 6/58,2016-10-02,50000000.0,0,Sunday,29,1,44,38,28,32
21476,Ultra Lotto 6/58,2016-09-30,50000000.0,0,Friday,51,49,47,25,39,5
21520,Ultra Lotto 6/58,2016-09-25,50000000.0,0,Sunday,56,50,52,14,21,25
21538,Ultra Lotto 6/58,2016-09-23,50000000.0,0,Friday,32,56,27,57,15,9
21582,Ultra Lotto 6/58,2016-09-18,50000000.0,0,Sunday,13,51,12,2,6,36
21600,Ultra Lotto 6/58,2016-09-16,50000000.0,0,Friday,23,41,13,46,43,58
21644,Ultra Lotto 6/58,2016-09-11,50000000.0,0,Sunday,11,15,20,8,49,37
21662,Ultra Lotto 6/58,2016-09-09,50000000.0,0,Friday,29,27,34,47,4,12
21706,Ultra Lotto 6/58,2016-09-04,50000000.0,0,Sunday,13,47,26,28,1,48
21724,Ultra Lotto 6/58,2016-09-02,50000000.0,0,Friday,48,34,36,16,27,35
21768,Ultra Lotto 6/58,2016-08-28,50000000.0,1,Sunday,20,12,2,3,15,22
21786,Ultra Lotto 6/58,2016-08-26,50000000.0,0,Friday,38,37,57,22,30,53
21830,Ultra Lotto 6/58,2016-08-21,50000000.0,0,Sunday,24,10,42,30,25,13
21848,Ultra Lotto 6/58,2016-08-19,50000000.0,0,Friday,7,38,40,31,53,30
21892,Ultra Lotto 6/58,2016-08-14,50000000.0,0,Sunday,5,54,48,17,1,39
21910,Ultra Lotto 6/58,2016-08-12,50000000.0,0,Friday,50,19,25,15,51,14
21954,Ultra Lotto 6/58,2016-08-07,50000000.0,0,Sunday,55,36,33,30,53,32
21972,Ultra Lotto 6/58,2016-08-05,50000000.0,0,Friday,2,9,6,30,52,8
22016,Ultra Lotto 6/58,2016-07-31,50000000.0,0,Sunday,21,27,55,47,46,19
22034,Ultra Lotto 6/58,2016-07-29,194605848.0,1,Friday,20,55,14,22,18,30
22078,Ultra Lotto 6/58,2016-07-24,188714904.0,0,Sunday,10,30,22,34,50,28
22096,Ultra Lotto 6/58,2016-07-22,184031148.0,0,Friday,9,47,4,20,52,5
22140,Ultra Lotto 6/58,2016-07-17,178240316.0,0,Sunday,39,5,11,26,16,28
22158,Ultra Lotto 6/58,2016-07-15,173368172.0,0,Friday,6,21,57,31,53,2
22202,Ultra Lotto 6/58,2016-07-10,167511164.0,0,Sunday,44,39,43,10,7,23
22220,Ultra Lotto 6/58,2016-07-08,162847140.0,0,Friday,11,27,51,2,16,41
22264,Ultra Lotto 6/58,2016-07-03,157515824.0,0,Sunday,54,23,32,4,14,38
22282,Ultra Lotto 6/58,2016-07-01,153031572.0,0,Friday,36,47,4,3,20,28
22326,Ultra Lotto 6/58,2016-06-26,148235564.0,0,Sunday,11,53,2,29,1,9
22344,Ultra Lotto 6/58,2016-06-24,143947844.0,0,Friday,51,49,25,40,31,45
22388,Ultra Lotto 6/58,2016-06-19,139216872.0,0,Sunday,45,46,7,3,49,58
22406,Ultra Lotto 6/58,2016-06-17,135285580.0,0,Friday,16,58,33,35,2,50
22450,Ultra Lotto 6/58,2016-06-12,130544376.0,0,Sunday,50,3,49,13,58,34
22468,Ultra Lotto 6/58,2016-06-10,126590668.0,0,Friday,39,19,54,6,22,12
22512,Ultra Lotto 6/58,2016-06-05,121868792.0,0,Sunday,22,5,7,25,53,32
22530,Ultra Lotto 6/58,2016-06-03,117896552.0,0,Friday,13,2,25,6,3,49
22574,Ultra Lotto 6/58,2016-05-29,113172840.0,0,Sunday,6,44,36,54,32,29
22592,Ultra Lotto 6/58,2016-05-27,109460484.0,0,Friday,11,50,56,53,12,9
22636,Ultra Lotto 6/58,2016-05-22,104963184.0,0,Sunday,31,40,42,51,6,18
22654,Ultra Lotto 6/58,2016-05-20,101301028.0,0,Friday,5,42,34,49,33,52
22698,Ultra Lotto 6/58,2016-05-15,97025016.0,0,Sunday,41,21,13,52,36,6
22716,Ultra Lotto 6/58,2016-05-13,93706916.0,0,Friday,8,12,9,50,13,46
22760,Ultra Lotto 6/58,2016-05-08,89902124.0,0,Sunday,49,52,22,1,46,41
22778,Ultra Lotto 6/58,2016-05-06,86865264.0,0,Friday,38,23,55,17,51,8
22822,Ultra Lotto 6/58,2016-05-01,83250596.0,0,Sunday,27,41,15,52,39,4
22840,Ultra Lotto 6/58,2016-04-29,80234380.0,0,Friday,35,56,30,46,57,8
22884,Ultra Lotto 6/58,2016-04-24,77209604.0,0,Sunday,36,35,51,38,46,30
22902,Ultra Lotto 6/58,2016-04-22,74383672.0,0,Friday,2,51,40,33,20,13
22946,Ultra Lotto 6/58,2016-04-17,71285768.0,0,Sunday,34,19,33,39,6,49
22964,Ultra Lotto 6/58,2016-04-15,68529988.0,0,Friday,7,53,13,50,22,1
23008,Ultra Lotto 6/58,2016-04-10,65823720.0,0,Sunday,53,48,44,4,46,11
23026,Ultra Lotto 6/58,2016-04-08,63714204.0,0,Friday,40,41,1,25,28,44
23070,Ultra Lotto 6/58,2016-04-03,60885856.0,0,Sunday,36,39,33,1,11,50
23088,Ultra Lotto 6/58,2016-04-01,58719148.0,0,Friday,47,25,20,44,6,55
23159,Ultra Lotto 6/58,2016-03-20,55709300.0,0,Sunday,29,8,33,46,35,21
23177,Ultra Lotto 6/58,2016-03-18,53409188.0,0,Friday,33,4,48,44,19,38
23221,Ultra Lotto 6/58,2016-03-13,50604224.0,0,Sunday,27,12,1,11,29,52
23239,Ultra Lotto 6/58,2016-03-11,50000000.0,0,Friday,25,7,36,39,31,30
23283,Ultra Lotto 6/58,2016-03-06,50000000.0,0,Sunday,48,37,33,34,41,50
23301,Ultra Lotto 6/58,2016-03-04,50000000.0,0,Friday,36,41,3,6,15,26
23345,Ultra Lotto 6/58,2016-02-28,50000000.0,0,Sunday,10,13,23,11,7,9
23363,Ultra Lotto 6/58,2016-02-26,50000000.0,0,Friday,44,58,9,41,23,35
23407,Ultra Lotto 6/58,2016-02-21,50000000.0,0,Sunday,39,33,19,21,9,55
23425,Ultra Lotto 6/58,2016-02-19,50000000.0,0,Friday,10,3,1,51,44,13
23469,Ultra Lotto 6/58,2016-02-14,50000000.0,0,Sunday,27,34,42,21,11,38
23487,Ultra Lotto 6/58,2016-02-12,50000000.0,0,Friday,47,30,49,27,46,42
23531,Ultra Lotto 6/58,2016-02-07,50000000.0,0,Sunday,40,55,20,13,32,23
23549,Ultra Lotto 6/58,2016-02-05,50000000.0,0,Friday,35,6,48,58,33,50
23593,Ultra Lotto 6/58,2016-01-31,50000000.0,0,Sunday,15,20,37,29,54,16
23611,Ultra Lotto 6/58,2016-01-29,50000000.0,0,Friday,44,12,54,33,4,53
23655,Ultra Lotto 6/58,2016-01-24,50000000.0,0,Sunday,25,43,49,57,6,13
23673,Ultra Lotto 6/58,2016-01-22,50000000.0,0,Friday,37,14,25,9,46,31
23717,Ultra Lotto 6/58,2016-01-17,50000000.0,0,Sunday,53,19,58,38,4,27
23735,Ultra Lotto 6/58,2016-01-15,50000000.0,0,Friday,22,16,45,56,54,39
23779,Ultra Lotto 6/58,2016-01-10,50000000.0,0,Sunday,23,54,31,5,32,3
23797,Ultra Lotto 6/58,2016-01-08,50000000.0,0,Friday,38,35,33,8,49,52
23841,Ultra Lotto 6/58,2016-01-03,50000000.0,1,Sunday,26,10,5,24,49,12
23894,Ultra Lotto 6/58,2015-12-27,50000000.0,0,Sunday,13,27,23,11,1,9
23947,Ultra Lotto 6/58,2015-12-20,50000000.0,0,Sunday,16,7,50,3,26,53
23965,Ultra Lotto 6/58,2015-12-18,50000000.0,0,Friday,53,30,54,41,43,26
24009,Ultra Lotto 6/58,2015-12-13,50000000.0,0,Sunday,50,52,9,33,8,31
24027,Ultra Lotto 6/58,2015-12-11,50000000.0,0,Friday,8,55,11,33,5,10
24071,Ultra Lotto 6/58,2015-12-06,50000000.0,0,Sunday,38,33,11,25,54,41
24089,Ultra Lotto 6/58,2015-12-04,50000000.0,0,Friday,22,28,1,43,6,13
24133,Ultra Lotto 6/58,2015-11-29,50000000.0,0,Sunday,19,51,38,17,43,4
24151,Ultra Lotto 6/58,2015-11-27,50000000.0,0,Friday,32,51,27,1,16,20
24195,Ultra Lotto 6/58,2015-11-22,50000000.0,0,Sunday,15,48,31,4,43,13
24213,Ultra Lotto 6/58,2015-11-20,50000000.0,0,Friday,33,54,45,20,14,12
24257,Ultra Lotto 6/58,2015-11-15,50000000.0,0,Sunday,20,1,4,40,51,2
24275,Ultra Lotto 6/58,2015-11-13,50000000.0,0,Friday,48,15,1,35,26,22
24319,Ultra Lotto 6/58,2015-11-08,50000000.0,0,Sunday,48,52,14,58,23,38
24337,Ultra Lotto 6/58,2015-11-06,50000000.0,0,Friday,11,22,3,43,34,6
24381,Ultra Lotto 6/58,2015-11-01,50000000.0,0,Sunday,22,3,27,41,43,36
24399,Ultra Lotto 6/58,2015-10-30,277977308.0,1,Friday,22,9,24,16,52,42
24443,Ultra Lotto 6/58,2015-10-25,270329376.0,0,Sunday,49,4,46,34,19,56
24461,Ultra Lotto 6/58,2015-10-23,263870888.0,0,Friday,16,15,18,46,8,29
24505,Ultra Lotto 6/58,2015-10-18,256317648.0,0,Sunday,54,19,15,3,20,50
24523,Ultra Lotto 6/58,2015-10-16,250746184.0,0,Friday,5,37,16,28,14,44
24567,Ultra Lotto 6/58,2015-10-11,243152252.0,0,Sunday,38,10,42,13,25,46
24585,Ultra Lotto 6/58,2015-10-09,236892056.0,0,Friday,55,8,39,32,14,45
24629,Ultra Lotto 6/58,2015-10-04,229955648.0,0,Sunday,10,24,38,12,50,8
24647,Ultra Lotto 6/58,2015-10-02,223913368.0,0,Friday,40,48,27,9,36,39
24691,Ultra Lotto 6/58,2015-09-27,216967656.0,0,Sunday,6,34,18,49,54,4
24709,Ultra Lotto 6/58,2015-09-25,211057824.0,0,Friday,25,14,35,13,2,53
24753,Ultra Lotto 6/58,2015-09-20,204398484.0,0,Sunday,11,43,4,9,13,30
24771,Ultra Lotto 6/58,2015-09-18,198885092.0,0,Friday,39,56,49,35,34,15
24815,Ultra Lotto 6/58,2015-09-13,192527088.0,0,Sunday,17,34,56,42,36,40
24833,Ultra Lotto 6/58,2015-09-11,187353392.0,0,Friday,45,13,49,53,16,40
24877,Ultra Lotto 6/58,2015-09-06,181433656.0,0,Sunday,9,55,7,33,19,28
24895,Ultra Lotto 6/58,2015-09-04,176515840.0,0,Friday,45,25,8,13,7,47
24939,Ultra Lotto 6/58,2015-08-30,170933956.0,0,Sunday,21,6,57,56,30,33
24957,Ultra Lotto 6/58,2015-08-28,166789276.0,0,Friday,58,2,54,22,11,25
25001,Ultra Lotto 6/58,2015-08-23,161728512.0,0,Sunday,38,40,50,17,37,22
25019,Ultra Lotto 6/58,2015-08-21,157660836.0,0,Friday,7,19,12,54,40,46
25063,Ultra Lotto 6/58,2015-08-16,153038516.0,0,Sunday,53,29,19,51,26,33
25081,Ultra Lotto 6/58,2015-08-14,148839812.0,0,Friday,56,18,24,13,37,22
25125,Ultra Lotto 6/58,2015-08-09,143934736.0,0,Sunday,54,39,42,20,29,40
25143,Ultra Lotto 6/58,2015-08-07,139959356.0,0,Friday,48,31,22,45,2,30
25187,Ultra Lotto 6/58,2015-08-02,135132208.0,0,Sunday,48,40,24,27,11,29
25205,Ultra Lotto 6/58,2015-07-31,131059732.0,0,Friday,55,52,1,33,31,47
25249,Ultra Lotto 6/58,2015-07-26,126292608.0,0,Sunday,22,13,38,53,48,25
25267,Ultra Lotto 6/58,2015-07-24,122434392.0,0,Friday,38,33,13,35,49,29
25311,Ultra Lotto 6/58,2015-07-19,117967076.0,0,Sunday,12,41,23,9,38,25
25329,Ultra Lotto 6/58,2015-07-17,114137864.0,0,Friday,28,20,14,15,58,51
25373,Ultra Lotto 6/58,2015-07-12,109951260.0,0,Sunday,8,12,44,2,18,27
25391,Ultra Lotto 6/58,2015-07-10,106143884.0,0,Friday,34,5,1,28,18,46
25435,Ultra Lotto 6/58,2015-07-05,101990608.0,0,Sunday,43,35,56,3,53,48
25453,Ultra Lotto 6/58,2015-07-03,98687396.0,0,Friday,5,25,4,24,56,40
25497,Ultra Lotto 6/58,2015-06-28,94529588.0,0,Sunday,23,10,50,43,32,3
25515,Ultra Lotto 6/58,2015-06-26,91298392.0,0,Friday,58,26,18,39,6,38
25559,Ultra Lotto 6/58,2015-06-21,87814112.0,0,Sunday,4,10,21,47,19,27
25577,Ultra Lotto 6/58,2015-06-19,85169492.0,0,Friday,41,33,20,57,7,1
25621,Ultra Lotto 6/58,2015-06-14,81809668.0,0,Sunday,45,11,4,31,32,29
25639,Ultra Lotto 6/58,2015-06-12,79229176.0,0,Friday,41,25,14,29,56,7
25683,Ultra Lotto 6/58,2015-06-07,76181444.0,0,Sunday,13,23,57,44,25,7
25701,Ultra Lotto 6/58,2015-06-05,73621700.0,0,Friday,32,31,41,9,10,44
25745,Ultra Lotto 6/58,2015-05-31,70446100.0,0,Sunday,37,52,54,45,51,35
25763,Ultra Lotto 6/58,2015-05-29,67942176.0,0,Friday,46,51,18,28,22,54
25807,Ultra Lotto 6/58,2015-05-24,64893956.0,0,Sunday,21,11,56,38,18,20
25825,Ultra Lotto 6/58,2015-05-22,62473836.0,0,Friday,34,49,19,2,31,13
25869,Ultra Lotto 6/58,2015-05-17,59530164.0,0,Sunday,9,3,14,53,57,1
25887,Ultra Lotto 6/58,2015-05-15,57026088.0,0,Friday,41,15,29,11,39,33
25931,Ultra Lotto 6/58,2015-05-10,54100016.0,0,Sunday,47,43,39,23,36,51
25949,Ultra Lotto 6/58,2015-05-08,51636696.0,0,Friday,13,17,48,50,51,39
25993,Ultra Lotto 6/58,2015-05-03,50000000.0,0,Sunday,43,30,52,46,17,20
26011,Ultra Lotto 6/58,2015-05-01,50000000.0,0,Friday,50,48,25,34,23,15
26055,Ultra Lotto 6/58,2015-04-26,50000000.0,0,Sunday,8,38,40,16,26,4
26073,Ultra Lotto 6/58,2015-04-24,50000000.0,0,Friday,12,13,53,39,1,7
26117,Ultra Lotto 6/58,2015-04-19,50000000.0,0,Sunday,31,48,20,58,25,43
26135,Ultra Lotto 6/58,2015-04-17,50000000.0,0,Friday,27,26,3,41,39,45
26179,Ultra Lotto 6/58,2015-04-12,50000000.0,0,Sunday,11,38,19,10,7,17
26197,Ultra Lotto 6/58,2015-04-10,50000000.0,0,Friday,46,41,36,12,5,11
26268,Ultra Lotto 6/58,2015-03-29,50000000.0,0,Sunday,13,1,16,55,32,27
26286,Ultra Lotto 6/58,2015-03-27,50000000.0,0,Friday,29,46,16,55,38,44
26330,Ultra Lotto 6/58,2015-03-22,50000000.0,0,Sunday,15,35,57,32,38,25
26348,Ultra Lotto 6/58,2015-03-20,50000000.0,0,Friday,12,29,43,6,10,58
26392,Ultra Lotto 6/58,2015-03-15,50000000.0,0,Sunday,5,10,41,14,9,6
26410,Ultra Lotto 6/58,2015-03-13,50000000.0,0,Friday,55,51,26,40,18,43
26454,Ultra Lotto 6/58,2015-03-08,50000000.0,0,Sunday,17,26,38,43,1,2
26472,Ultra Lotto 6/58,2015-03-06,50000000.0,0,Friday,39,54,50,21,32,20
26516,Ultra Lotto 6/58,2015-03-01,50000000.0,0,Sunday,6,42,13,40,11,39
26534,Ultra Lotto 6/58,2015-02-27,50000000.0,0,Friday,6,23,34,21,46,37
26571,Ultra Lotto 6/58,2015-02-22,50000000.0,1,Sunday,47,5,17,16,57,58
26596,Ultra Lotto 6/58,2015-02-20,50000000.0,0,Friday,13,14,7,41,48,39
26640,Ultra Lotto 6/58,2015-02-15,50000000.0,0,Sunday,32,53,5,18,34,29
26658,Ultra Lotto 6/58,2015-02-13,50000000.0,0,Friday,43,24,36,16,39,22
26702,Ultra Lotto 6/58,2015-02-08,50000000.0,0,Sunday,57,5,53,42,18,55
